"２，３日", e
10%, e
100%, e
25%, e
80%, e
１０カ月, e
１０時間, e
１０数年, e
１０年以上, e
１０年近く, e
１１ヶ月, e
１１年, e
１２年, e
１３年, e
１４年, e
１５秒, e
１６年, e
１７年, e
１９年, e
１バイト, e
１位, p
１割, e
１時間以上, e
１時間以内, e
１時間半, e
１周年記念, p
１週間以上, e
１勝, p
１体, e
１通, e
１日分, e
１年近く, e
１番, p
１品, e
１文, e
２０年以上, e
２０年近く, e
２３時間, e
２か月, e
２ヵ月, e
２位, e
２階席, e
２件目, e
２時間, e
２時間以上, e
２時間半, e
２次感染, n
２失点, n
２勝１敗, e
２択, e
２日, e
２年近く, e
２年半, e
３０分位, e
３０分程度, e
３４年, e
３５年, e
３９歳, e
３Ｒ, e
３か月, e
３タテ, e
３チーム, e
３位, e
３回連続, e
３割負担, e
３週間, e
３酔い, e
３連打, e
３連敗, n
４か月, e
４回目, e
４時間, e
４日, e
４年, e
５０日, e
５０年以上, e
６００円, e
６年, e
７ヶ月, e
７年, e
７番, e
８カ月, e
８ヶ月, e
８割, e
９ヶ月, e
９年, e
９番, e
ＡＤ, e
ＡＩＤＳ, n
ＡＴフィールド, p
Ａｍａｚｏｎ, e
Ａ型肝炎, n
ＢＢＣ, e
ＢＩＧ, p
ＢＯＴ, n
ＢＳＥ, n
ＣＤ, e
ＣＮＮ, e
Ｃ型肝炎, n
ＤＶ, n
ＤＶＤ化, e
ＤｏＳ, e
ＥＤ, n
ＥＳ, e
ＦＡＱ, e
ＨＩＶ, n
ＨＩＶ感染, n
ＨＰ, e
ＨＴＭＬ, e
ＩＴ化, e
ＩＴ投資, e
ＫＯ, p
ＭＲＳＡ, e
ＮＧ, n
ＯＫ, e
ＯＬ, e
ＯＰＡＣ, e
ＰＭＳ, n
ＰＲ, e
ＰＴＳＤ, n
Ｑ＆Ａ, e
ＲＡＭ, e
ＲＦＣ, e
ＲＳＳ, e
ＳＡＲＳ, n
ＳＥ, e
ＳＰＡＭ, e
ＳＱＬ, e
ＳＳ, e
ＴＫＯ, n
Ｖｅｃｔｏｒ, e
ＷＷＥ, e
Ｗｅｂ検索, e
Ｗｉｎｎｙ, e
ｃｏｒｅ, e
ｅｎｄ, e
ｈｔｍｌ, e
ｈｔｔｐ, e
ｔｘｔ, e
あいさつ, e
あいだ, e
あいつら, e
あいまい, n
あいまいさ, e
あえぎ, e
あかし, e
あからさま, n
あきらめ, n
あく, e
あく抜け, p
あこがれ, p
あご, e
あざやか, p
あし, e
あせも, n
あたしたち, e
あたたかさ, p
あだ, n
あだおろそか, n
あだおろそか・あだやおろそか, n
あだやおろそか, n
あちら, e
あっさり, e
あっし, e
あっぱれ, p
あでやか, p
あどけなさ, p
あなたがた, e
あなたらしさ, p
ありがたさ, p
ありがたみ, p
ありがた迷惑, n
ありのまま, e
あるがまま, e
あわ, e
あんばい, e
いい加減, e
いい気持ち, p
いい気持ち／気分, p
いい気分, p
いかがわしさ, n
いかさま, n
いさかい, n
いざこざ, n
いざとい, e
いじめ, n
いじらしさ, p
いたずら, n
いたずら電話, n
いたちごっこ, e
いたみ, n
いたわり, p
いっさい, e
いっぱい, e
いとしさ, p
いのち, p
いばらの道, n
いびき, n
いびり, n
いぼ, n
いやおう, e
いやらしさ, n
いらいら, n
いらだち, n
いろんなの, e
いわれ, e
うかうか, n
うかつ, n
うがい, e
うさ, n
うさんくささ, n
うずき, n
うそ, n
うそっぱち, n
うそ偽り, n
うそ八百, n
うたぐり, n
うたた寝, e
うだうだ, n
うっかり, n
うっちゃり, e
うってつけ, p
うっぷん, n
うっ血, n
うつ, n
うつ状態, n
うつ病, n
うつ伏せ, e
うなじ, e
うねり, e
うぶ, e
うまさ, p
うまみ, p
うま味, p
うらみ, n
うらやみ, n
うるささ, n
うれしがらせ, e
うれしさ, p
うろ覚え, e
うわさ, e
えぐみ, n
えびす顔, e
えんま顔, e
えん罪, n
おいしさ, p
おいてきぼり, n
おいてけぼり, n
おおまか, e
おかげ, p
おかしさ, e
おかぼれ, p
おかめ, e
おけら, e
おこづかい, p
おざなり, n
おしさ, n
おしゃれ, p
おじけ, n
おせっかい, n
おそれ, n
おぞましさ, n
おたふく, n
おたふく風邪, n
おだて, e
おだぶつ, n
おだやか, p
おちおち, n
おっくう, n
おっとり, e
おっぱい, e
おでき, n
おなら, n
おねしょ, n
おばけ, e
おぼこ, e
おまけ, p
おまんこ, e
おみやげ, e
おむつ, e
おめでた, p
おもしろさ, p
おもてなし, e
おもらし, n
おろそか, n
おカネ, p
おニュー, p
お安い御用, e
お陰, p
お陰さま, p
お陰様, p
お隠れ, n
お化け, n
お家騒動, n
お花, e
お花畑, e
お楽しみ, p
お気持ち, e
お客, e
お客さま, e
お客様, p
お客様ご自身, e
お給料, p
お許し, e
お近付き, e
お金, p
お決まり, e
お見舞い, e
お言葉, e
お祭り気分, p
お札, e
お仕置き, n
お使い, e
お姉ちゃん, e
お子さま, e
お持ち, e
お時間, e
お邪魔, n
お手ごろ価格, p
お手頃価格, p
お手上げ, n
お手伝い, e
お宿, e
お祝い, e
お出かけ, e
お小遣い, p
お笑い, p
お上手, p
お色気, p
お人好し, e
お人柄, p
お世辞抜き, e
お世話, e
お説教, n
お体, e
お題目, e
お知恵, p
お定まり, e
お店, e
お電話, e
お土産, e
お湯, e
お答え, e
お得, p
お得感, p
お年玉, p
お疲れ, n
お付き合い, e
お布施, p
お風邪, e
お風呂場, e
お別れ会, e
お返し, p
お返事, e
お便り, p
お墓, e
お墨付き, p
お面, e
お門違い, n
お役所仕事, n
お友達, e
お遊び, e
お預け, e
お力, e
お力添え, e
お礼, e
お話, e
お咎め, n
お洒落, p
かい性, e
かかと, e
かぎり, e
かぎ裂き, n
かげり, n
かさ, e
かさぶた, e
かさ上げ, n
かすり傷, n
かぜ, n
かた, e
かたじけなさ, e
かっこよさ, p
かっぱらい, n
かつら, e
かなしみ, n
かぶれ, n
かもねぎ, e
かゆさ, n
かゆみ, n
かわいさ, p
かわいそう, n
かわいらしさ, p
がけ崩れ, e
がた, n
がた落ち, n
がっしり, e
がっちり, e
がまん, e
がらがら, e
がん, n
がん細胞, n
きずな, p
きっかけ, e
きつさ, n
きびしさ, e
きまり, e
きめ細かさ, p
きゃしゃ, n
きらびやか, p
きりん児, p
きれい, p
きれい事, n
きわまり, e
ぎこちなさ, n
ぎっくり腰, n
ぎりぎり, n
ぎんぎん, e
くしゃみ, e
くじ運, p
くせ毛, e
くそ力, p
くたくた, n
くたびれ, n
くたびれもうけ, n
くだらなさ, n
くちびる, e
くつろぎ, p
くどさ, n
くも膜下出血, n
くやしさ, n
くる病, n
ぐうたら, ?p?n
ぐちゃぐちゃ, n
ぐりぐり, e
けが, n
けがれ, n
けが人, n
けだるさ, n
けち, n
けったい, n
けなげ, p
けり, e
けんか, n
けんか腰, n
げき, e
げた, e
げんなり, n
こいつら, e
こく, p
ここ, e
ここら, e
こそ泥, n
こだわり, ?p?n
こちこち, n
このまま, e
この世, e
こび, n
こまめ, p
こらえ性, p
こわさ, n
こんとん, n
ごあいさつ, e
ごたごた, n
ごたまぜ, n
ごちゃまぜ, n
ごまかし, n
ごまのはえ, n
ごみ, n
ごみ減量, e
ごろごろ, e
ご愛顧, e
ご挨拶, e
ご案内, e
ご意見ご要望, e
ご縁, p
ご家庭, e
ご活躍, p
ご感想, e
ご希望, e
ご機嫌, p
ご協力, e
ご教示, e
ご興味, p
ご苦労, n
ご好評, p
ご講演, e
ご賛同, e
ご指示, e
ご指導, e
ご指導ご鞭撻, e
ご支援, e
ご支援ご協力, e
ご支持, e
ご主人様, e
ご祝辞, e
ご助言, e
ご紹介, e
ご心配, n
ご尽力, e
ご声援, e
ご先祖様, e
ご提案, e
ご都合主義, n
ご入金, e
ご配慮, e
ご病気, n
ご不便, n
ご返事, e
ご鞭撻, e
ご褒美, p
ご満足, p
ご迷惑, n
ご予約, e
ご要望, e
ご利益, n
ご了解, e
ご了承, e
ご連絡, e
さっぱり, p
さばさば, p
さび, n
さびしさ, n
さみしさ, n
さら, e
さわやか, p
さわやかさ, p
ざらつき, n
ざわめき, n
しあわせ, p
しがらみ, n
しくじり, n
しこめ, n
しこり, n
したい放題, n
したたか, n
しっかり, p
しっぺ返し, n
しつこさ, n
しとやか, p
しなやか, p
しなやかさ, p
しびれ, n
しみ, n
しゃがれ声, e
しゃっくり, n
しゃれ男, p
しゃんと, e
しょっぱさ, n
しらふ, n
しり押し, e
しり切れ, n
しるし, e
しるべ, e
しわ, n
しわ寄せ, n
しんどさ, n
し損ない, n
じかん, e
じっくり, e
じゅもん, e
じり高, n
じり貧, n
すうっと, e
すかっと, p
すかんぴん, n
すきだらけ, n
すきっと, p
すさまじさ, e
すっきり, p
すったもんだ, n
すってんてん, n
すっと, p
すっぽかし, n
すてき, p
すばやさ, p
すばらしさ, p
すみれ, e
すり, n
ずぶ濡れ, n
ずぼら, n
ずる, n
ずれ, e
せかせか, n
せき, n
せき払い, n
せせら笑い, n
せつなさ, n
せり, e
せり上げ, e
ぜんそく, n
ぜん息, n
そいつ, e
そいつら, e
そういうの, e
そしり, n
そそくさ, e
そっと, e
そつ, e
そねみ, n
その間, e
その場しのぎ, n
その場逃れ, n
その他, e
その道, e
そり, e
そり味, e
それきり, n
それきり・それっきり, n
それっきり, n
それなり, p
ぞうり, e
たおやか, p
たくさん, e
たくましさ, p
たしなみ, p
たたずまい, p
ただれ, n
ただれ目, n
ただ事, e
ただ者, e
たっぷり, p
たね, e
ため, p
ためらい傷, n
ため息, n
たらい回し, n
たるみ, n
たわし, e
だみ声, n
だらしなさ, n
だらだら, n
だらっと, n
だらりと, n
だらんと, n
だるさ, n
だれ気味, n
ちゃめっ気, p
ちゃらんぽらん, n
ちょい役, n
ちょっかい, n
ちょんぼ, n
つき, e
つぐみ, e
つじ強盗, n
つっけんどん, n
つつましやか, p
つながり, p
つばさ, e
つまずき, n
つまらなさ, n
つまり, e
つもり, e
つや, p
つらさ, n
つわもの, p
つわり, n
ていねい, p
てんかん, n
てんこ盛り, p
てんやわんや, n
できもの, n
でこぼこ, n
でたらめ, n
でっち上げ, n
でんぷん, e
というわけ, e
とがめ, n
とがめ立て, e
とがり声, n
ときめき, p
とどめ, n
とばっちり, n
とまどい, n
ともえ投げ, e
どきどき, e
どぎまぎ, n
どさくさ, n
どたキャン, n
どら声, n
どんぐり, e
どんでん返し, n
どん底, n
ど根性, p
なくて七癖, e
なぞ, e
なだらか, p
なつかしさ, p
なぶり殺し, n
なまくら, n
なまず, e
なめらか, p
なめらかさ, p
ならず者, n
におい, e
にきび, n
にぎやか, p
にぎわい, p
にこにこ顔, p
ぬかるみ, n
ぬか喜び, n
ぬくもり, p
ぬめり, n
ぬるさ, e
ねぎらい, p
ねじれ, e
ねたましさ, n
ねたみ, n
ねんね, e
のぞみ, p
のど自慢, e
のど輪, e
ののしり, n
のみの心臓, n
のらくら, n
のろし, e
のんべんだらり, n
はげ, e
はしか, n
はずみ, n
はたき込み, e
はたけ, e
はたらき, p
はた迷惑, n
はちゃめちゃ, n
はっきり, e
はつらつ, p
はにかみ, e
はまり役, p
はやり風邪, n
はやり目, n
はらはら, n
はれ, e
はれ物, n
ばい菌, n
ばか, n
ばかばかしさ, n
ばか笑い, e
ばか力, p
ばつ, n
ばらつき, n
ばらばら, e
ひがみ, n
ひき逃げ, n
ひさし, e
ひさしぶり, p
ひじ, e
ひじり, e
ひったくり, n
ひととき, e
ひとりよがり, n
ひとり相撲, n
ひとり立ち, p
ひと月, e
ひと事, n
ひと時, e
ひどさ, n
ひび割れ, n
ひま, e
ひもじさ, n
ひょう疽, n
ひょっとこ, n
ひ弱, n
びくびく, n
びんた, n
ぴか一, p
ふがいなさ, n
ふくよか, p
ふさぎの虫, n
ふしだら, n
ふたり, e
ふち, e
ふるさと, e
ふん, n
ぶおとこ, n
ぶおんな, n
ぶきっちょ, n
ぶす, n
ぶっきらぼう, n
ぶらぶら, ?p?n
ぶり返し, e
へそ, e
へったくれ, n
へっぽこ, n
へなちょこ, n
へのかっぱ, e
へぼ, n
へま, n
へんちくりん, n
へんてこ, n
へんとう炎, n
べたぼれ, p
べた褒め, p
べっぴん, p
ぺしゃんこ, n
ほお笑み, e
ほか, e
ほくほく顔, p
ほこり, n
ほころび, n
ほっぺた, e
ほとぼり, n
ほとんど, e
ほの字, p
ほほ笑み, p
ほら貝, e
ほり, e
ほろ酔い気分, p
ほんま, e
ぼくたち, e
ぼけ, n
ぽか, n
まくら探し, e
まぐれ, e
まごころ, p
まじめ, p
まじり, n
まずさ, n
まぜこぜ, e
まちがい, n
まちづくり, e
まっさら, p
まとも, p
まどらか, p
まどろみ, p
まね, e
まめ, p
まやかし, n
まゆつば物, n
まるまる, e
まれ, e
まろやか, p
まんざら, e
まんま, e
まん延, n
みずから, e
みずみずしさ, p
みみずばれ, n
むくみ, n
むし歯, n
むずかしさ, n
むだ, n
むちゃくちゃ, n
むち打ち, n
むなしさ, n
むやみ, n
むやみやたら, n
めぐり, e
めし, e
めちゃ, n
めちゃくちゃ, n
めちゃめちゃ, n
めったやたら, n
めった打ち, e
めでたさ, p
めど, e
めまい, n
めんどう, n
もうけ口, p
もうけ仕事, p
もうろく, n
もだえ, n
もちつき, e
もてなし, e
もどかしさ, n
ものぐさ, n
ものづくり, e
もの悲しさ, n
もみ, e
もめ事, n
もやもや, n
もろさ, n
もろ差し, e
やくざ, n
やけ, n
やけくそ, n
やけっぱち, n
やけっ腹, n
やけど, n
やさしさ, p
やたけ心, e
やたら, e
やっつけ仕事, n
やつら, e
やぶ蛇, n
やみくも, e
やりかた, e
やりがい, p
やりきれなさ, n
やりたい放題, n
やり過ぎ, n
やり直し, e
やるせなさ, n
やる気, p
やわらかさ, p
やんちゃ, e
ゆがみ, n
ゆとり, p
ゆるやか, e
よがり声, e
よくよく, e
よこしま, n
よさ, p
よしみ, e
よそ事, n
よそ者, n
よどみ, n
よりどころ, e
よろめき, e
らい, n
らしさ, p
ろくすっぽ, n
ろくろく, n
わいせつ行為, n
わかりやすさ, p
わがまま, n
わき, e
わき腹, e
わき役, n
わざ, p
わずらわしさ, n
わだかまり, n
わび, p
わびしさ, e
わらじ銭, e
アーカイブ, e
アーチ, e
アーチスト, e
アーチスト・アーティスト, e
アーティスト, e
アイス, e
アイスホッケー, e
アイデア, p
アイディア, p
アイデンティティ, p
アイデンティティー, p
アイドリングストップ, e
アイマスク, e
アイルランド, e
アウト, n
アウトコース, e
アウトドア, e
アウトライン, e
アオコ, n
アオリ, n
アカ, n
アクシデント, n
アクセスログ, e
アクセス数, e
アクセス制御機能, p
アクティブ, p
アジ, e
アセトアルデヒド, e
アソコ, e
アタシ, e
アタック, e
アタリ, e
アットホーム, p
アッパーカット, e
アップ, e
アップグレード, p
アップダウン, e
アデノイド, n
アトピー, n
アトピー性皮膚炎, n
アド, e
アドバイザー, e
アドバイス, e
アドレナリン, e
アナクロ, n
アバウト, n
アパルトヘイト, n
アピール, ?p?n
アフガニスタン, e
アフガン, e
アフガン戦争, n
アフターケア, e
アフターサービス, p
アブノーマル, n
アホ, n
アマ, e
アマゾン, e
アマチュア, e
アミューズメント, p
アミロイド, e
アメリカ, e
アユ, e
アラート, e
アラーム, e
アラーム音, e
アラビア, e
アリバイ, e
アルコール依存症, n
アルコール中毒, n
アルコール問題, e
アルジェリア, e
アルゼンチン, e
アルツハイマー, n
アルツハイマー病, n
アル中, n
アレルギー, n
アレルギー疾患, n
アレルギー性疾患, n
アレルギー性鼻炎, n
アレルギー体質, n
アレルゲン, n
アンダースロー, e
アンチ, e
アンチテーゼ, e
アンティーク, p
アンノウン, e
アンバランス, n
アンフェア, n
イージー, e
イージーミス, n
イエスキリスト, e
イエローカード, n
イカサマ, n
イギリス, e
イジメ, n
イスパニア, e
イスラエル, e
イタズラ, n
イタリア, e
イナダ, e
イノシシ, e
イビキ, n
イベント, e
イボ, n
イマイチ, n
イマジネーション, p
イメージ, e
イメージアップ, p
イメージダウン, n
イヤ, n
イラク, e
イラク攻撃, n
イラク侵攻, n
イラク戦争, n
イラン, e
インカ帝国, e
インコース, e
インストラクター, e
インスピレーション, p
インスリン分泌, e
インセンティブ, p
インターネットオークション, e
インターネットサービス, e
インターフォン, e
インチキ, n
インテリ, n
インテリア, e
インテリジェンス, p
インド, e
インドネシア, e
インド映画, e
インパクト, p
インパルス, e
インフォームド・コンセント, p
インフォームドコンセント, p
インフォメーション, e
インフラ, e
インフルエンザ, n
インフルエンザウイルス, n
インフレ, n
インフレ期待, e
インポ, n
インポテンツ, n
イヴ, e
ウィークポイント, n
ウィルス, n
ウィルスメール, n
ウイークポイント, n
ウイグル, e
ウイット, p
ウイルス, n
ウイルスメール, n
ウイルス感染, n
ウイルス対策, e
ウイルス病, n
ウェールズ, e
ウェブログ, e
ウエイト, e
ウエストボール, e
ウォーミングアップ, e
ウソ, n
ウツ, n
ウデ, p
ウナギ, e
ウルトラＣ, p
ウワサ, n
ウンチ, e
エール, p
エア, e
エイズ, n
エイリアン, e
エキストラ, e
エキスパート, p
エクスタシー, e
エコー, e
エコロジー, e
エゴ, n
エゴイズム, n
エサ取り, e
エジプト, e
エチュード, e
エッジ, e
エディタ, e
エネルギー, p
エネルギー不足, n
エネルギッシュ, p
エマージェンシー, n
エラー, n
エラーメッセージ, n
エラーログ, n
エリート, p
エリート意識, n
エルボー, n
エルボースマッシュ, e
エレガンス, p
エレガント, p
エレガントさ, p
エロス, e
エンジニア, e
エンジンルーム, e
エンスト, n
エントランス, e
エントリーシート, e
オーストラリア, e
オーソドックス, e
オーディション, e
オーバー, e
オーバースロー, e
オーバーフロー, n
オーバーヘッド, e
オーバーワーク, e
オーバヘッド, e
オープン, e
オーラ, p
オールマイティー, p
オイルショック, n
オイル漏れ, n
オウム, e
オオカミ, e
オカルト, n
オケ, e
オシャレ, p
オタク, e
オデコ, e
オフサイド, e
オペ, e
オペレーター, e
オマージュ, e
オマンコ, e
オムツ, e
オムニバス, e
オランダ, e
オリエンテーション, e
オリジナリティ, p
オリジナリティー, p
オリジナル, e
オルガン奏者, e
オンナ, e
オンラインショップ, e
カーブ, e
カウンセラー, e
カウンセリング, e
カウンターパンチ, n
カオス, n
カサカサ, n
カサブタ, n
カジュアル, e
カジュアル感, e
カス, n
カゼ, n
カタルシス, p
カッコよさ, p
カッコ良さ, p
カッパ, e
カツラ, e
カド, e
カナダ, e
カビ, n
カメムシ, e
カメラマン, e
カユミ, n
カラ, e
カラーコピー, e
カラフル, p
カリエス, n
カリスマ, p
カルシウム不足, n
カルチャーショック, n
カルマ, n
カレッジ, e
カン, e
カンタン, p
カンニング, n
カンパ, e
カンボジア, e
ガーゴイル, n
ガーデニング, e
ガード, e
ガードル, e
ガイダンス, e
ガイド, e
ガイドライン, e
ガシラ, e
ガス, e
ガス室, e
ガス抜き, e
ガス漏れ, n
ガソリン代, n
ガッツ, p
ガレージキット, e
ガン, n
ガン細胞, n
キーノート, e
キープ, e
キス, e
キスシーン, e
キズ, n
キツイ言葉, n
キャッシュバック, p
キャッチ, e
キャッチー, p
キャッチボール, e
キャッチャー, e
キャパシティー, e
キャラクタープレイ, e
キャリア, p
キャンセル, n
キュート, p
キューバ, e
キリ, ?e
キリスト, e
キレ, p
キレイ, p
ギックリ腰, n
ギブス, n
ギャグ, n
ギャップ, e
ギャラ, p
ギャング, n
ギリシア, e
クーデター, n
クーリングオフ, e
クール, p
クールダウン, e
クイズ, e
クエン酸, e
クォータリー, e
クォリティー, p
クオリティ, p
クセ毛, e
クツ, e
クビ, n
クモ, e
クモ膜下出血, n
クラクション, e
クラシカル, e
クラッシュ, n
クラミジア, n
クランケ, e
クリーン, p
クリア, p
クリエーター, e
クリエイター, e
クリエイティビティ, p
クリエイティブ, p
クリケット, e
クリスチャン, e
クリスマス, e
クリスマスイブ, e
クリスマスソング, e
クリスマスプレゼント, p
クリスマス気分, e
クリンチ, e
クレーム, e
クロイツフェルト・ヤコブ病, n
クロスカウンター, e
クロッケー, e
グチ, n
グッズ, e
グラマー, p
グランドスラム, p
グリップ, e
グリップ力, e
グルメ, e
グレー, e
グローバル, e
ケーキ作り, e
ケア, e
ケアレスミス, n
ケガ, n
ケガレ, n
ケガ人, n
ケタ違い, e
ケチ, n
ケンカ, n
ゲーム, e
ゲーム感覚, e
ゲーム性, p
ゲスト, e
ゲストブック, e
ゲッツー, e
ゲット, p
ゲットー, n
ゲリラ, n
ゲロ, n
コースアウト, n
コーチ, e
コーナーワーク, e
コイン, p
コウモリ, e
コク, p
ココア, e
コスト, n
コストアップ, n
コストダウン, e
コストパフォーマンス, e
コスト高, n
コスト面, n
コップの中のあらし, n
コツ, p
コピペ, e
コブラ, e
コマ落ち, n
コミニュケーション, p
コミュニケーション, p
コミュニケーションスキル, p
コミュニケーション能力, p
コミュニケーション力, p
コミュニティビジネス, e
コリ, n
コレステロール, n
コレラ, n
コンサルティング, e
コンセプト, p
コンテンツビジネス, e
コンディション, p
コントロール, e
コンパイルエラー, n
コンパクト, p
コンパクトさ, p
コンビニエンス, p
コンピューターウィルス, n
コンピュータウイルス, n
コンフリクト, n
コンプライアンス, p
コンプレックス, n
ゴーサイン, e
ゴースト, e
ゴーレム, e
ゴキブリ, n
ゴジラ, n
ゴブリン, n
ゴミ, n
ゴミ捨て場, e
ゴロ, e
ゴング, e
サーチ, e
サーバ, e
サーバーエラー, n
サーバーダウン, n
サーバダウン, n
サーバ側, e
サービス, p
サービス残業, n
サービス水準, p
サービス提供, p
サービス量, e
サイクルヒット, e
サイドスロー, e
サウジアラビア, e
サウスポー, e
サウンド, e
サクセス, p
サス, e
サスペンス, n
サタン, e
サディズム, n
サバイバル, e
サポーター, e
サポート, e
サメ, e
サヨナラ勝ち, p
サラセン, e
サラ金, n
サルベージ, e
サンダーバード, e
サンダル, e
ザーメン, e
シアワセ, p
シェア, e
シェイプアップ, p
システム, e
システムリソース, e
システム作り, e
シック, p
シックハウス, n
シックハウス症候群, n
シビア, n
シフト, e
シベリア, e
シミ, n
シミソバカス, n
シャープ, p
シャープさ, p
シャウト, e
シャム, e
シュート, e
ショート, e
ショートカット, e
ショック, n
シラバス, e
シロアリ, e
シロクマ, e
シワ, n
シンガー, e
シンクロ, e
シンナー, n
シンプル, e
シンプルさ, p
ジェットコースター, e
ジェラシー, n
ジェンダー, e
ジハード, e
ジフテリア, n
ジャブ, e
ジャマイカ, e
ジャミング, n
ジレンマ, n
スイート, e
スイス, e
スイングアウト, n
スウェーデン, e
スカ, n
スカパー, e
スカンジナビア, e
スキ, n
スキー靴, e
スキャンダル, n
スキル, p
スキルアップ, p
スキンシップ, e
スギ花粉症, n
スクーリング, e
スクウェア, e
スケート, e
スケール, p
スケール感, p
スケッチ, e
スコア, e
スコットランド, e
スコンク, n
スス, e
スター, p
スター選手, p
スタイリッシュ, p
スタミナ, p
スタンドイン, e
ステータス, p
ステータス異常, n
ステイタス, p
ステキ, p
ステッキ, e
ステレオタイプ, n
スト, n
ストーカー, n
ストーカー行為, n
ストーカー被害, n
ストイック, n
ストップ, n
ストライク, e
ストレート, e
ストレス, n
ストレス解消, p
ストレス発散, p
スニーカー, e
スノーシュー, e
スパイ, n
スパイ容疑, n
スパム, e
スパムメール, n
スパルタ, e
スピーディー, p
スピード, e
スピードアップ, e
スピード感, p
スピルバーグ, e
スピロヘータ, e
スプレー, e
スプロール, e
スペース, e
スペースバー, e
スペイン, e
スペクタクル, p
スペシャリスト, p
スペシャル, p
スペック, p
スポーツ, e
スポーツマンシップ, p
スポーツ活動, e
スポーツ障害, n
スポーティー, p
スマート, p
スマートさ, p
スマイル, p
スムース, p
スムーズ, p
スモーク, e
スモッグ, n
スライダー, e
スラム, n
スラム街, n
スランプ, n
スリーアウト, e
スリーストライク, e
スリーバント, e
スリップ, n
スリップ事故, n
スリム, p
スリム化, e
スリランカ, e
スリル, p
スループット, e
スローライフ, e
スロバキア, e
ズレ, n
セーフ, p
セーフティー, p
セーフティーバント, e
セーブ, e
セールス, e
セールスポイント, p
セイロン, e
セキュリティ, p
セキュリティー, p
セキュリティホール, n
セクシー, p
セクシーさ, p
セクシュアルハラスメント, n
セクハラ, n
セックスレス, e
セットアップ, e
セットポイント, e
セミプロ, p
セミプロフェッショナル, p
セリエＡ, e
セルフケア, e
セルフコントロール, e
セルライト, n
センス, p
センセーション, e
センタリング, e
ゼロ敗, p
ソーダ, e
ソッコー, e
ソバカス, e
ソフト, p
ソフトボール, e
ソフマップ, e
ソプラノ, e
ソラ, e
ソリスト, e
ソ連, e
ゾンビ, n
ターボ, e
タイ, e
タイツ, e
タイトル数, e
タイピング, e
タイプミス, n
タイムアウト, e
タイムラグ, n
タイムロス, n
タコ, e
タスク, e
タックル, n
タッグ, e
タッチ, e
タッチアウト, n
タヌキ, e
タネ, e
タフ, p
タフさ, p
タブー, n
タルミ, n
タレント, e
タワーレコード, e
タンザニア, e
ダイエット, e
ダイオキシン, n
ダイナミズム, p
ダイナミック, p
ダイナミックレンジ, p
ダウン, n
ダッシュ, e
ダニ, n
ダブり, n
ダブルパンチ, n
ダブルプレー, e
ダミ声, n
ダメ, n
ダメージ, n
ダメだし, n
ダメ出し, n
ダメ人間, n
ダントツ, p
ダンプ, e
チープさ, n
チームプレー, e
チームワーク, p
チェーンメール, n
チェコ, e
チェック機能, p
チェリスト, e
チェンジアップ, e
チケット, e
チヌ, e
チフス, n
チフス菌, e
チベット, e
チャームポイント, p
チャイナ, e
チャイム, e
チャクラ, e
チャリティー, e
チャレンジ, e
チャレンジ精神, p
チャンス, p
チャンピオン, p
チョーク, e
チョップ, n
チリ, e
チンピラ, n
チンポ, e
ツーアウト, e
ツーダウン, e
ツケ, n
ツッコミ, e
ツバ, e
ツバメ, e
ツブシ, e
ツヤ, p
ツレ, e
ヅラ, n
ティペット, e
テイスト, p
テキサスヒット, p
テク, p
テクニカルノックアウト, n
テクニシャン, p
テクニック, p
テスト, n
テナー, e
テノール, e
テレパシー, e
テロ, n
テロリスト, n
テロリズム, n
テロル, n
テロ攻撃, n
テロ行為, n
テロ事件, n
テンション, p
データ, e
データフォーマット, e
デート, p
デーモン, n
ディスク容量, p
ディベート, e
デコピン, n
デコボコ, n
デザイナー, e
デザイン画, e
デザイン性, p
デッドボール, n
デッドロック, n
デビル, e
デフォルト値, e
デフレ, n
デフレ不況, n
デブ, n
デマ, n
デマゴギー, n
デメリット, n
デリ, e
デリカシー, p
デリケート, e
デンプン, e
デンマーク, e
トータル, e
トーンダウン, n
トイザラス, e
トイレ休憩, e
トスバッティング, e
トップクラス, p
トップライト, e
トップランナー, p
トマトジュース, e
トライ, p
トラウマ, n
トラコーマ, n
トラブル, n
トラブル等, n
トラホーム, n
トランペッター, e
トリプルプレー, e
トルク, p
トルコ, e
ドア, e
ドイツ, e
ドキドキ, e
ドキドキ感, p
ドクターストップ, e
ドジ, n
ドス, e
ドタキャン, n
ドラえもん, e
ドライアイ, n
ドライバ, e
ドラゴン, e
ドラッグドロップ, e
ドラッグバント, e
ドラマティック, p
ドル, e
ドレスアップ, p
ドロ, n
ドロップ, n
ドロップアウト, n
ドンキホーテ型, e
ナイーブ, e
ナイス, p
ナショナリズム, n
ナチュラル, e
ナミ, e
ナミダ, e
ナメクジ, e
ナンセンス, n
ナンパ, ?p?n
ニーズ, p
ニードロップ, e
ニオイ, e
ニキビ, n
ニキビ跡, n
ニコチン中毒, n
ニュージーランド, e
ニュートン力学, e
ニュアンス, p
ニンフ, e
ヌメリ, n
ネーム, e
ネズミ, e
ネタ, e
ネタバレ, n
ネタ切れ, n
ネック, n
ネットショップ, e
ネット販売, e
ノー, e
ノーコントロール, n
ノースモーキング, e
ノーヒットノーラン, p
ノーフィッシュ, n
ノーベル賞, p
ノーマル, e
ノイズ, n
ノイローゼ, n
ノウハウ, e
ノスタルジア, e
ノスタルジック, p
ノック, e
ノックアウト, o
ノックダウン, n
ノルウェー, e
ノルマ, n
ノンプロ, e
ノンプロフェッショナル, e
ハードボイルド, p
ハードル, n
ハード面, e
ハーレム, e
ハイウェイ, e
ハイキック, e
ハイキング気分, e
ハイスピード, p
ハイソックス, e
ハイテンション, e
ハイパワー, p
ハイヒール, e
ハゲ, e
ハズレ, n
ハゼ, e
ハッピー, p
ハネ, e
ハネムーン, p
ハプニング, ?p?n
ハマリ, e
ハムレット型, e
ハリ, p
ハレ, e
ハングリー精神, p
ハンセン病, n
ハンダ付け, e
ハンデ, n
ハンディ, n
ハンディー, e
ハンディキャップ, n
ハンデキャップ, n
ハンド, e
ハンマー, e
バージョンアップ, p
バーバリズム, n
バーボン, e
バイオマス, e
バイオリズム, e
バイオリニスト, e
バイオレンス, n
バイク事故, n
バイタリティー, p
バイプレーヤー, e
バインド, e
バカ, n
バカバカしさ, n
バクテリア, e
バグ, n
バグダッド, e
バケモノ, n
バスタイム, e
バセドー病, n
バチルス, e
バックアップ, e
バックドロップ, e
バッシング, n
バッティング, e
バッファオーバーフロー, n
バツ, n
バナー, e
バブル景気, p
バラード, e
バラツキ, n
バランス感覚, p
バリア, e
バリアフリー, e
バリアフリー化, e
バリトン, e
バンダイ, e
バント, e
バンパイア, n
バンプ, n
パーキンソン病, n
パージ, n
パーフェクト, p
パーマ, e
パイオニア, p
パイルドライバー, e
パイロット, e
パクリ, n
パケットロス, n
パスミス, n
パッション, p
パッチ, e
パトカー, e
パナマ, e
パニック, n
パニック障害, n
パフォーマンス, e
パラドックス, n
パラノイア, n
パルプ, e
パレスチナ, e
パワー, p
パワーダウン, n
パワー不足, n
パワフル, p
パンク, n
パンスト, e
パンチ, n
パンチラ, e
パンチ力, p
パンフレット, e
パンプス, e
パン作り, e
ヒートシンク, e
ヒール, n
ヒーロー, p
ヒステリー, n
ヒスノイズ, n
ヒット, p
ヒットエンドラン, e
ヒット曲, p
ヒビ, n
ヒポコンデリア, n
ヒューマニティー, e
ヒヨドリ, e
ヒロイン, e
ヒント, p
ビギナー, e
ビギナーズラック, p
ビジネスシーン, e
ビジネスチャンス, e
ビジネスマン, e
ビジョン, e
ビス, e
ビタミン不足, n
ビックカメラ, e
ビッグ, p
ビッグチャンス, p
ビフィズス菌, e
ビブリオ, e
ビルマ, e
ビンゴ, p
ビンタ, n
ピーク, e
ピアニスト, e
ピクニック, e
ピッキング, n
ピッチング, e
ピロリ菌, e
ピン, e
ピンぼけ, n
ピンチ, n
ファイアウォール, e
ファイト, p
ファウル, n
ファジー, n
ファッション, e
ファッション性, p
ファン, p
ファンキー, p
ファンダメンタルズ, e
ファンド, e
ファンブル, e
フィードバック, p
フィールダーズチョイス, e
フィールディング, e
フィット感, e
フィラリア, n
フィンランド, e
フェア, p
フェアプレー, p
フェアリー, e
フェミニン, e
フェロモン, p
フォークボール, e
フォースアウト, e
フォール, e
フォアボール, e
フォロー, e
フクロウ, e
フセイン大統領, e
フック, e
フットワーク, p
フライ, e
フラグ, e
フラストレーション, n
フランス, e
フリーズ, n
フリーター, n
フルカウント, e
フルスピード, p
フルネーム, e
フレームレート, e
フレキシブル, e
フレッシュ, p
フレッシュさ, p
フレンドリー, p
フン, n
ブーイング, n
ブースト, e
ブーム, p
ブラ, e
ブラジル, e
ブラジル人, e
ブラック, n
ブラックホール, e
ブランク, n
ブランド, e
ブランドイメージ, p
ブランド志向, e
ブランド品, p
ブリザード, n
ブルー, e
ブレ, n
ブレーカー, e
ブレーキング, e
ブレード, e
ブレス, e
プライド, e
プライバシー, p
プライバシー侵害, n
プライバシー保護, e
プラクティス, e
プラス, p
プラスアルファ, p
プリンス, p
プレー, e
プレーヤー, e
プレーン, e
プレス, e
プレゼンス, e
プレゼント, p
プレゼン資料, e
プレッシャー, n
プロ, p
プログラミング, e
プロット, e
プロテクション, e
プロテクト, e
プロデューサー, e
プロフェッサー, e
プロフェッショナル, p
プロ意識, p
プロ野球, e
ヘソ, e
ヘタ, n
ヘタレ, n
ヘッドロック, e
ヘドロ, n
ヘビ, e
ヘビー, e
ヘマ, n
ヘルシー, p
ヘルニア, n
ヘルプ, e
ヘルペス, n
ヘン, n
ベースアップ, p
ベースボール, e
ベア, e
ベスト, p
ベスト１６, p
ベストセラー, p
ベタ, n
ベテラン, p
ベトナム, e
ベトナム戦争, n
ベネズエラ, e
ベルギー, e
ベンチャー, e
ベンチャー企業, e
ページ数, e
ペーソス, n
ペーパークラフト, e
ペケ, n
ペスト, n
ペチコート, e
ペット, e
ペナルティ, n
ペナルティー, n
ペルー, e
ペルシア, e
ペンキ, e
ペン入れ, e
ホームシック, n
ホームスチール, e
ホームページ, e
ホームラン, e
ホイッスル, e
ホコリ, n
ホタルイカ, e
ホッケー, e
ホメオスタシス, p
ホモ, n
ボーイ, e
ボーカリスト, e
ボーク, n
ボーズ, e
ボーナス, p
ボール, e
ボウズ, e
ボケ, n
ボケ防止, e
ボスキャラ, e
ボタン, e
ボツ, n
ボディースラム, e
ボディーブロー, n
ボディブロー, n
ボヤ, n
ボラ, e
ボランティア, e
ボリューム, ?p?e
ボリューム感, p
ボルテージ, e
ボロボロ, n
ポーランド, e
ポイント, p
ポイ捨て, n
ポエジー, e
ポジション争い, e
ポップ, p
ポテンシャル, p
ポリープ, n
ポリシー, e
ポリ袋, e
ポルトガル, e
ポルノ, n
ポロ, e
マイナー, n
マイナス, n
マイナスイメージ, n
マイナス点, n
マイナス幅, n
マイナス面, n
マイナス要因, n
マイペース, p
マイルド, p
マキシマム, p
マグマ, n
マシンパワー, p
マジ, e
マジレス, e
マスカラ, e
マゾヒズム, n
マヂ, e
マッチポイント, e
マドリッド, e
マドンナ, p
マナー, e
マニア, e
マネ, n
マネー, p
マネジメント能力, p
マヒ, n
マフィア, n
マラヤ連邦, e
マラリア, n
マレーシア, e
マンネリ, n
マンネリズム, n
マンネリ化, n
マンパワー, p
ミート, e
ミサイル, n
ミス, n
ミステーク, n
ミステリー, e
ミスマッチ, n
ミニマム, n
ミネラル, p
ミャンマー, e
ミュージシャン, p
ミラクル, p
ムード, e
ムカデ, e
ムダ, n
ムチャ, n
ムラ, n
ムリ, n
メーカー保証, p
メイドさん, e
メガヒット, p
メキシコ, e
メダル, p
メッタ打ち, n
メディアリテラシー, p
メニュー, e
メバル, e
メモリー, e
メモリリーク, n
メモリ不足, n
メランコリー, n
メリット, p
メリハリ, p
メルマガ, e
メンツ, e
メンテ, e
メンバーチェンジ, e
モグラ, e
モジュラーケーブル, e
モダン, p
モチベーション, p
モチモチ感, p
モデルチェンジ, e
モノトーン, e
モノマニア, n
モラル, p
モラルハザード, n
モロッコ, e
モンゴル, e
モンスター, e
ヤケ, n
ヤニ, n
ヤバさ, n
ヤフオク, e
ヤマメ, e
ヤモリ, e
ヤル気, p
ユーザビリティ, p
ユーロ, e
ユダヤ人, e
ユニークさ, p
ライセンス, e
ライトセーバー, e
ライナー, e
ライフ, p
ライフサイクル, e
ライフスタイル, e
ライフセービング, e
ライフワーク, e
ラクロス, e
ラグ, e
ラストスパート, e
ラッキー, p
ラッシュ, n
ラフ, e
ラブ, p
ラリアット, e
リーズナブル, p
リーダーシップ, p
リアリズム, p
リアリティ, p
リアリティー, e
リアル, p
リアルさ, e
リアルタイム性, p
リウマチ, n
リコール, n
リサーチ, e
リサイクル, e
リスク, n
リストラ, n
リスナー, e
リスペクト, p
リズム感, p
リセット, e
リセットボタン, e
リゾート, p
リゾート気分, p
リターンキー, e
リタイア, ?p?n
リッチ, p
リテイク, e
リテラシー, p
リニューアル, e
リハビリ, e
リハビリテーション, e
リバイバル, e
リバウンド, n
リフレッシュ, p
リベンジ, p
リミッター, e
リモートアクセス, e
リューマチ, n
リューマチ熱, n
リュウマチ, n
リラクゼーション, e
リラックス, p
リラックスムード, p
リラックス感, p
リリース, e
リリーフ, e
リンク元, e
リンク集, e
リンク切れ, n
リンク先, e
リング上, e
リンチ, n
リンパ液, e
リンパ球, e
ルーズ, n
ルーズソックス, e
ルーツ, e
ループ, n
ルシード, e
レーザー光線, e
レーダー, p
レート, e
レイプ, n
レクリエーション, p
レジオネラ症, n
レジスタンス, n
レジャー, p
レジュメ, e
レスキュー, p
レゾンデートル, e
レッテル, n
レッドパージ, n
レトロ, p
レパートリー, p
レベルアップ, p
レポート課題, e
レリーフ, e
レヴェル, p
ローカルネタ, e
ローカルルール, e
ローファー, e
ローマ帝国, e
ローリング, e
ロールプレイ, e
ローン, n
ロゴマーク, e
ロシア, e
ロシア語, e
ロス, n
ロフト, e
ロマン, p
ロマンス, p
ロマンティック, p
ワーク, e
ワースト, n
ワーム, n
ワイルドさ, p
ワイルドピッチ, n
ワイン造り, e
ワガママ, n
ワキ, e
ワキガ, n
ワキヅレ, e
ワナ, n
ワラジ, e
ワンクッション, e
ワンダフル, p
ワンナウト, e
ワンパターン, n
ワンポイントリリーフ, e
ヲタ, e
ヴィジョン, p
亜聖, p
哀しさ, n
哀しみ, n
哀れ, n
哀れさ, n
哀れみ, n
哀れむべき, n
哀楽, e
哀感, n
哀歓, n
哀愁, ?p?n
哀傷, n
哀切, n
哀調, n
愛, p
愛くるしさ, p
愛らしさ, p
愛郷, p
愛顧, e
愛護, e
愛国心, p
愛妻, p
愛情, p
愛想笑い, n
愛想尽かし, n
愛憎, n
愛着, p
愛別離苦, n
愛欲, e
愛憐, p
愛嬌, p
挨拶, e
挨拶回り, e
逢瀬, p
悪, n
悪さ, n
悪意, n
悪因悪果, e
悪運, n
悪影響, n
悪疫, n
悪化, n
悪寒, n
悪感情, n
悪漢, n
悪気, n
悪鬼, n
悪戯, n
悪逆, n
悪業, n
悪玉, n
悪玉コレステロール, n
悪玉菌, n
悪口, n
悪口雑言, n
悪巧み, n
悪行, n
悪事, n
悪疾, n
悪質, n
悪者, n
悪趣, n
悪趣味, n
悪習, n
悪習慣, n
悪臭, n
悪循環, n
悪女, n
悪神, n
悪人, n
悪酔い, n
悪性, n
悪性リンパ腫, n
悪性腫瘍, n
悪政, n
悪声, n
悪戦, e
悪戦苦闘, n
悪相, n
悪態, n
悪代官, n
悪知恵, n
悪党, n
悪道, n
悪徳, n
悪徳業者, n
悪徳商法, n
悪罵, n
悪評, n
悪病, n
悪癖, n
悪法, n
悪魔, n
悪夢, n
悪名, n
悪役, e
悪霊, e
握力, p
圧勝, p
圧制, n
圧政, n
圧倒, e
圧倒的, e
圧迫, e
圧迫感, n
圧伏, n
圧服, n
圧服・圧伏, n
姐さん, e
飴, p
安さ, p
安っぽさ, n
安め, e
安らか, p
安らかさ, p
安らぎ, p
安易, n
安逸, n
安穏, p
安価, p
安楽, p
安楽死, n
安手, e
安上がり, p
安心, p
安心安全, p
安心感, p
安請け合い, n
安全, p
安全安心, p
安全運転, e
安全確保, e
安全管理, e
安全性, p
安全対策, e
安全第一, p
安全保障, e
安息, p
安打, e
安泰, p
安直, n
安定, p
安定化, p
安定感, p
安定供給, e
安定性, p
安堵, p
安堵感, p
安寧, p
安眠, p
暗さ, e
暗闇, e
暗雲, n
暗号, e
暗黒面, n
暗殺, n
暗示, e
暗礁, n
暗証, e
暗中模索, n
暗部, e
暗躍, n
案件, e
案内所, e
闇, e
伊達, p
位相, e
依存, n
依存症, n
偉観, p
偉業, p
偉効, p
偉才, p
偉材, p
偉材・異材, p
偉人, p
偉大, p
偉大さ, p
偉物, p
囲い, e
囲み, e
威圧, n
威圧感, n
威嚇, n
威厳, p
威信, p
威容, p
威力, p
意外性, e
意気, p
意気込み, p
意気消沈, n
意気阻喪, n
意気地, e
意義, p
意向, e
意志, p
意志疎通, p
意思, e
意思決定, e
意思疎通, p
意思統一, p
意思能力, p
意識, p
意識障害, n
意識不明, n
意趣, e
意匠, p
意匠性, p
意図, e
意地, n
意地悪, n
意表, e
意味, p
意味合い, e
意欲, p
意力, e
慰め, p
慰安, e
慰撫, e
慰霊, e
慰労, e
慰藉, e
易さ, p
為替, p
為替差損, n
畏敬, p
畏縮, n
畏怖, n
異音, n
異化, e
異観, n
異義, n
異議, n
異議申し立て, e
異空間, e
異見, e
異国情緒, p
異材, e
異質, n
異臭, n
異常, n
異常さ, n
異常プリオン, e
異常行動, n
異常事態, n
異常心理, e
異常性, n
異常性欲, n
異常値, n
異心, e
異端, n
異物, n
異物混入, n
異変, n
異様, n
異例, e
異論, n
移り変わり, e
移植, e
移植性, e
移民, e
維持, e
維新, e
胃かいよう, n
胃がん, n
胃けいれん, n
胃カタル, n
胃ガン, n
胃液, e
胃炎, n
胃下垂, n
胃拡張, n
胃癌, n
胃弱, n
胃腸炎, n
胃腸病, n
胃痛, n
胃潰瘍, n
胃病, n
萎縮, n
萎靡, n
違背, n
違反, n
違法, n
違法コピー, n
違法行為, n
違約, n
違約金, e
違和, n
違和感, n
遺愛, p
遺憾, n
遺恨, n
遺産, p
遺志, e
遺族基礎年金, e
遺体, n
遺徳, p
遺髪, n
遺品, n
遺物, e
遺留分, e
遺漏, n
医師, e
医療, e
医療サービス, p
医療ミス, n
医療現場, e
医療費, e
医療費助成, p
医療不信, n
域, e
育児休暇, e
育成, e
一か月, e
一つ一つ, p
一カ月, e
一ヵ月, e
一ヶ月, e
一ヶ月以上, e
一安心, p
一因, n
一押し, p
一押し・一推し, p
一過性, n
一喝, n
一貫性, p
一喜一憂, e
一騎当千, p
一騎討ち, n
一級, p
一撃, n
一撃必殺, p
一元化, e
一言感想, e
一酸化炭素中毒, n
一仕事, e
一死, n
一視同仁, e
一時しのぎ, n
一時間, e
一時逃れ, n
一緒, p
一緒くた, n
一助, p
一笑, e
一寝入り, e
一新, e
一人物, e
一推し, p
一睡, e
一生, p
一生懸命, p
一声, e
一斉射撃, n
一線, e
一線級, p
一打ち, e
一体化, e
一体感, p
一体性, e
一台, e
一大事, n
一団, e
一致, e
一長一短, e
一途, p
一働き, e
一同, e
一難, n
一年以上, e
一敗, n
一杯, p
一杯機嫌, p
一般, e
一般車, e
一番, p
一匹狼, e
一物, e
一文なし, n
一癖, e
一辺倒, n
一報, e
一方ならず, e
一本調子, n
一本立ち, e
一眠り, e
一命, p
一目ぼれ, e
一翼, e
一利, p
一律, e
一流, p
一揆, n
一臂の力, p
溢美, p
逸材, p
逸足, p
逸脱, n
逸品, p
逸物, p
稲刈り, e
稲妻, e
印, e
印鑑証明, e
印鑑登録証明書, e
印行, e
因縁, n
因果, n
因果応報, e
因果関係, e
因業, n
因習, e
引かれ者の小唄, n
引き合い, e
引き受け, p
引き締め, e
引き当て, e
引き立て, p
引き立て役, n
引け目, n
引ったくり, n
引っ掛かり, e
引越し, e
引退, e
飲みすぎ, n
飲み過ぎ, n
飲み料, n
淫ら, n
淫行, n
淫売, n
淫欲, n
淫乱, n
院内, e
院内感染, n
陰, e
陰り, n
陰萎, n
陰影, e
陰気, n
陰金, n
陰口, n
陰性, e
陰謀, n
陰陽, e
隠し球, e
隠し事, n
隠し味, e
隠れ家, e
隠退, e
隠蔽, n
右四つ, e
右打ち, e
右投げ, e
宇宙人, n
羽子板, p
羽翼, p
迂回, ?p?n
雨, e
雨音, e
雨下, e
雨降り, n
雨水, e
雨足, e
雨滴, e
雨天, e
雨風, n
雨漏り, n
渦, n
渦中, n
嘘, n
嘘つき, n
噂, e
運, p
運の尽き, n
運気, p
運休, n
運行, e
運転技術, p
運転手, e
運動, e
運動障害, n
運動神経, p
運動性, p
運動性能, p
運動能力, p
運動不足, n
運命, e
運用, e
餌食, n
叡智, p
営み, e
営業活動, e
営業停止, n
影, n
影響, e
影響下, e
影響力, p
栄, p
栄え, p
栄華, p
栄冠, p
栄光, p
栄辱, e
栄誉, p
栄養, p
栄養価, p
栄養失調, n
栄養障害, n
栄養素, p
栄養不足, n
栄養分, p
栄養補給, e
永遠, p
永住権, p
永眠, ?p?n
泳力, p
英気, p
英傑, p
英語嫌い, e
英語能力, p
英語力, p
英国, e
英俊, p
英知, p
英哲, p
英名, p
英雄, p
英霊, p
衛生, e
衛生面, e
詠嘆, p
鋭さ, p
鋭気, p
鋭敏, p
鋭利, e
液, e
液漏れ, n
疫, n
疫病, n
疫病神, n
駅構内, e
悦, p
悦び, p
悦楽, p
厭悪, n
厭軍, n
厭世, n
厭戦, n
厭戦気分, n
円滑, p
円滑化, p
円形脱毛症, n
円転滑脱, p
円満, p
宴, e
延び延び, n
延引, n
延焼, n
延性, p
延長保育, e
延命, e
怨み, n
怨恨, n
怨敵, n
怨念, n
怨霊, n
怨嗟, n
援護, e
援助, e
演技派, e
演技力, p
演者, e
演奏, e
炎, n
炎症, n
炎上, n
焔, e
煙, n
煙害, n
猿知恵, n
縁, p
艶, p
艶聞, n
遠回り, n
遠近感, e
遠心力, e
遠足気分, p
遠島, n
遠目, e
遠慮, e
遠慮がち, e
遠慮気味, n
鉛, e
鉛中毒, n
塩害, n
塩気, e
塩辛さ, n
塩素臭, n
塩蔵, p
汚さ, n
汚れ, n
汚れ役, n
汚職, n
汚職事件, n
汚水, n
汚染, n
汚染源, n
汚損, n
汚濁, n
汚泥, n
汚点, n
汚物, n
汚名, n
凹凸, n
奥ゆかしさ, p
奥義, p
奥許し, e
奥行き, p
奥深さ, p
往診, e
往生, n
往復, e
往復ビンタ, n
往来, e
応え, e
応援, e
応援歌, e
応諾, e
応分, e
応募, e
応募者, p
応報, e
応用, e
応用力, p
応力, p
押さえ, e
押さえ込み, e
押し, e
押しつけ, n
押し花, e
押し込み強盗, n
押し出し, e
押し目買い, e
押せ押せ, n
押印, e
旺盛, p
横やり, n
横レス, n
横殴り, n
横行, n
横着, n
横波, e
横風, n
横暴, n
横揺れ, n
横領, n
横恋慕, n
殴打, n
王権, p
王子様, e
王者, p
王手, e
王族, p
王朝, e
王道, p
翁, e
黄, e
黄禍, e
黄金時代, p
黄砂, n
黄濁, n
黄土色, e
黄緑, e
屋号, p
憶測, e
臆見, n
臆病, n
牡馬, e
乙女, e
俺様, n
恩, p
恩愛, p
恩義, p
恩恵, p
恩情, p
恩沢, p
温かさ, p
温かみ, p
温もり, p
温覚, e
温厚, p
温柔, p
温順, p
温情, p
温泉, e
温存, e
温暖化, n
温度差, n
温度上昇, e
温度変化, e
温良, p
温和, p
穏やか, p
穏やかさ, p
穏健, p
穏当, p
穏便, p
穏和, p
音楽家, e
音楽性, p
音感, p
音質, p
音質劣化, n
音声信号, e
音痴, n
音波, e
音漏れ, n
下げ, n
下げ渋り, n
下の下, n
下り坂, n
下ネタ, n
下火, n
下絵, e
下血, n
下限, e
下作, e
下仕事, e
下手, n
下手くそ, n
下手投げ, e
下唇, e
下心, n
下調べ, e
下熱, e
下馬評, e
下品, n
下方修正, n
下味, e
下野, n
下落, n
下痢, n
化け物, n
化学物質過敏症, n
化粧品, e
化石, e
化膿, n
仮構, n
仮作, e
仮柵, e
仮歯, e
仮寝, e
仮睡, e
仮病, n
仮眠, e
仮免, e
仮免許, e
何ヶ月, e
何者, e
何日, e
価格, n
価格下落, n
価格競争, e
価格競争力, p
価格差, e
価格調査, e
価格低下, e
価値, p
価値判断, e
佳, p
佳景, p
佳作, p
佳什, p
佳人, p
佳編, p
佳味, p
加害, n
加害者, n
加虐, n
加護, p
加工性, p
加工品, e
加算, e
加勢, p
加速, e
加速性能, p
加担, e
加担・荷担, n
加入者, e
可, p
可哀想, n
可愛さ, p
可愛らしさ, p
可決, p
可塑性, e
可動, e
可読, e
可読性, e
可燃性, e
可能, e
可能性, p
可否, e
可不可, e
可溶性, e
可用性, p
可憐, p
嘉賞, p
夏ばて, n
夏バテ, n
夏休み, e
夏風邪, n
嫁いびり, n
家づくり, e
家運, e
家事援助, p
家賃, n
家庭, p
家庭教師, e
家庭生活, e
家庭内暴力, n
寡黙, p
科学性, p
科研費, p
暇, p
果, e
果たし合い, n
果敢, p
果報, p
歌, e
歌い手, e
歌歌い, e
歌境, e
歌手, p
歌唱力, p
歌心, p
歌姫, e
火の玉, n
火の粉, n
火急, n
火球, n
火災, n
火災事故, n
火砕流, n
火事, n
火事場泥棒, n
火傷, n
火柱, n
火難, n
火膨れ, n
火力, p
禍, n
禍害, n
禍福, e
稼働, e
稼働時間, e
花, e
花園, p
花芽, p
花見, e
花束, e
花盗人, n
花粉, e
花粉症, n
花弁, e
荷担, n
荷抜き, n
荷厄介, n
華, p
華やか, p
華やかさ, p
華美, p
華麗, p
華麗さ, p
華奢, e
課題, n
過ぎ者, e
過ち, n
過去, n
過激, n
過呼吸, n
過誤, n
過失, n
過失致死, n
過小, n
過賞, n
過剰, n
過剰反応, n
過食, n
過食症, n
過信, n
過疎, n
過疎化, n
過怠, n
過大, n
過渡, e
過度, n
過当競争, n
過熱, e
過熱感, n
過敏, n
過敏症, n
過負荷, n
過分, e
過褒, n
過密, n
過労, n
過労死, n
霞, e
蚊の鳴くような声, n
我, e
我執, n
我侭, n
我慢, n
我儘, n
画家, e
画質, p
画質劣化, n
画力, p
芽, p
蛾, n
賀, p
賀寿, p
雅, p
雅味, p
餓え, n
餓鬼, n
餓死, n
介, e
介護, e
介護サービス, p
介護報酬, p
介助, p
介抱, p
会員資格, e
会社名, e
会心, p
会心の作, p
会費, e
解決, p
解決策, p
解雇, n
解散, n
解除, e
解消, p
解説文, e
解体屋, e
解脱, p
解答, e
解任, e
解放感, p
解剖, e
解明, e
解約, e
回し, e
回り道, n
回帰, e
回収, e
回天の力, p
回答, e
回避, e
回復, p
回復基調, p
回復傾向, p
回復力, p
回礼, e
塊, e
塊状, e
壊血病, n
壊死, n
壊滅, n
壊滅的打撃, n
壊乱, n
壊疽, n
快楽, p
快活, p
快感, p
快気祝い, p
快事, p
快勝, p
快笑, e
快晴, p
快速, p
快打, p
快諾, e
快調, p
快適, p
快適さ, p
快適性, p
快投, p
快報, p
快眠, p
怪しさ, n
怪我, n
怪我人, n
怪漢, n
怪気炎, n
怪傑, p
怪光線, e
怪事件, n
怪人, n
怪盗, n
怪物, n
怪文書, n
怪聞, n
怪力, p
悔い, n
悔しさ, n
悔し涙, e
懐かしさ, p
懐疑, e
懐具合, e
戒厳令, n
戒告, n
戒慎, n
戒名, e
戒飭, n
拐帯, n
改ざん, n
改悪, n
改易, n
改革, e
改悟, e
改作, e
改心, p
改新, e
改進, e
改正, p
改善, p
改造, e
改定, e
改訂, e
改変, e
改編, e
改良, p
改竄, n
晦渋, n
海原, e
海神, e
海水, e
海水浴, e
海賊, ?p?n
海賊行為, n
海賊版, n
海難, n
海難救助, e
海難事故, n
灰, e
灰褐色, e
灰色, e
皆, e
皆勤賞, p
皆様, e
絵, p
絵画, e
絵空事, n
絵手紙, e
絵馬, e
絵筆, e
開き, e
開け方, e
開運, p
開花, p
開花時期, e
開業, e
開墾, p
開催, e
開示, e
開拓, e
開拓者, p
開発期間, e
開票, e
開腹, e
開放, p
開放感, p
開放性, p
貝殻, e
外れ, n
外圧, e
外掛け, e
外患, e
外観, p
外見, e
外交, e
外耳炎, n
外傷, n
外敵, n
外道, n
外反母趾, n
外務, e
外面如菩薩内心如夜叉, n
外枠, e
外寇, e
咳, n
害, n
害悪, n
害虫, n
害毒, n
崖崩れ, n
慨世, n
慨嘆, n
該当者, e
鎧袖一触, p
蛙, e
垣根, e
各パーツ, e
拡充, p
拡大, e
拡張, e
拡張性, p
拡幅, e
格, p
格安, p
格下げ, n
格好よさ, p
格好良さ, p
格差, n
格式, p
格調, p
核戦争, n
核反応, e
核兵器, n
核兵器廃絶, p
殻, e
獲得, p
確か, e
確実, e
確実さ, p
確実性, p
確証, e
確信, p
確然, p
確定, e
確定的, e
確認, e
確保, p
確報, e
確立, e
覚醒剤, n
角栓, e
較差, e
隔たり, n
隔意, n
隔世の感, e
隔離, n
革, e
革新, e
革命, e
革命児, p
学, p
学位, p
学級崩壊, n
学芸員, e
学識, p
学者肌, e
学習意欲, p
学習機会, p
学習効果, p
学習障害, n
学習能力, p
学殖, e
学生たち, e
学生生活, e
学生達, e
学徳, p
学費, e
学力, p
学力低下, n
学歴, p
学歴詐称, n
楽, p
楽しさ, p
楽しみ, p
楽園, p
楽楽, p
楽観, e
楽士, e
楽師, e
楽勝, p
楽人, e
楽天, e
楽天市場, e
顎, e
顎関節症, n
掛け声倒れ, n
掛け倒れ, n
割り増し, e
割れ目, e
割安, p
割高, n
割高感, n
喝采, e
活, p
活気, p
活況, p
活劇, e
活字離れ, n
活性, p
活性化, p
活動, p
活動家, e
活動資金, p
活動力, p
活発, p
活発化, p
活躍, p
活用, e
活力, p
渇, n
渇き, n
渇仰, p
渇水, n
滑らか, p
滑らかさ, p
滑稽, n
滑降, n
滑落, n
葛藤, n
株, p
株式, e
株主資本, e
株数, p
鎌倉幕府, e
瓦礫, n
乾き目, n
乾性, e
乾燥肌, n
乾杯, p
乾癬, n
冠婚葬祭, e
冠水, n
寒さ, n
寒気, n
寒心, n
寒村, n
刊, e
刊行, e
勘, p
勘ぐり, n
勘違い, n
勘気, n
勘当, n
勧め, e
勧業, e
勧奨, e
勧進, e
勧善, p
勧誘, e
巻き舌, e
巻き添え, n
巻き返し, p
喚起, e
堪忍, n
堪能, p
姦淫, n
完ぺき, p
完治, p
完勝, p
完遂, e
完成, p
完成度, p
完全, p
完全失業率, n
完全性, p
完全無欠, p
完走, p
完投, p
完敗, n
完売, e
完備, e
完封, p
完封負け, n
完了, e
完璧, p
官許, e
官能, p
官僚主義, n
寛厚, p
寛容, p
寛容さ, p
干ばつ, n
干ぼし, n
干渉, e
干犯, n
幹部, e
患い, n
患者, n
患部, n
感じ, e
感悦, p
感応, e
感慨, p
感慨無量, p
感覚, e
感激, p
感謝, p
感謝状, p
感受性, p
感傷, n
感情, e
感触, e
感心, p
感性, p
感染, n
感染ルート, n
感染経路, n
感染者, n
感染症, n
感想, e
感想メール, e
感嘆, p
感電, n
感度, p
感動, p
感服, p
感冒, n
感銘, p
感銘・肝銘, p
感涙, p
慣性, e
換気, e
換金, e
敢闘, p
歓び, p
歓喜, p
歓迎, p
歓呼, e
歓心, p
歓声, p
汗, e
汗だく, n
漢方, e
環境, e
環境悪化, n
環境影響, e
環境汚染, n
環境破壊, n
環境配慮, e
環境変数, e
環境保護, e
環境保全, e
甘え, p
甘えん坊, n
甘さ, ?p?n
甘み, e
甘口, e
甘辛, e
甘味, e
監禁, n
監護, e
監獄, n
監査, e
監視, e
監督, e
監督責任, n
看護, e
看板倒れ, n
管見, n
簡易, p
簡潔, p
簡捷, p
簡素, p
簡素化, e
簡単, p
簡単操作, e
簡便, p
簡明, p
簡約, e
簡略, e
緩み, e
緩やか, e
緩急, e
緩衝, p
緩速, e
緩慢, n
緩和, e
肝がん, n
肝炎, n
肝癌, n
肝機能, e
肝機能障害, n
肝硬変, n
肝細胞癌, n
肝試し, e
肝臓がん, n
肝臓ガン, n
肝臓癌, n
肝臓障害, n
肝臓病, n
肝不全, n
肝銘, p
艦砲射撃, n
観, e
観客動員数, p
観光, p
観光案内所, e
観光客, p
観察, e
観察眼, p
観察力, p
観衆, p
観測, e
還付, e
間違い, n
間違い・間違え, n
間違え, n
間隙, n
間質性肺炎, n
間取り, e
間抜け, n
関が原の戦い, e
関の山, e
関わり, ?p?n
関越自動車道, e
関心, p
関税, n
関節炎, n
関節痛, n
関東大震災, n
関門, e
陥没, n
陥落, n
韓国, e
韓国人, e
丸見え, n
丸出し, n
丸損, n
含み笑い, n
含み声, n
含み損, n
含むところ, n
含羞, n
癌, n
癌細胞, n
眼疾, n
眼精疲労, n
眼病, n
岩手, e
頑健, p
頑固, n
頑丈, p
頑張り, p
願い, e
願い事, p
願ったり叶ったり, p
願望, p
企画力, p
企業イメージ, p
企業家, e
企業間競争, e
危うさ, n
危なげ, n
危害, n
危機, n
危機感, n
危機管理, e
危急, n
危険, n
危険箇所, n
危険信号, e
危険性, n
危地, n
危篤, n
危篤状態, n
危難, n
危殆, n
危惧, e
喜び, p
喜悦, p
喜捨, p
喜色, p
喜怒, e
喜怒哀楽, e
器用, p
器用さ, p
器用貧乏, n
器量よし, p
器量人, p
基準, e
基準財政需要額, e
基礎, p
基礎データ, e
基礎学力, p
基礎基本, p
基礎体力, p
基礎代謝, p
基礎知識, p
基地, e
基地外, e
基地問題, e
基調, e
基盤, p
基本, e
基本機能, p
基本合意, e
奇, n
奇異, n
奇禍, n
奇怪, n
奇観, n
奇形, n
奇効, n
奇才, e
奇襲, n
奇人, n
奇声, n
奇跡, p
奇跡・奇蹟, p
奇蹟, p
奇想, e
奇特, n
奇抜, e
奇病, n
奇癖, e
奇妙, n
奇問, n
奇麗, p
嬉しさ, p
嬉し涙, p
寄り切り, e
寄り倒し, e
寄進, e
寄生虫, e
寄付, e
寄付・寄附, e
寄附, p
寄与, e
希少, p
希少価値, p
希代, p
希望, p
希望価格, e
希覯, e
忌避, n
忌諱, n
旗手, e
既刊, e
既視感, e
既成概念, n
既成事実, n
既得権益, p
既報, e
期限, e
期待, p
期待外れ, n
期待感, p
期日, e
機会, p
機会均等, e
機会損失, n
機嫌, ?p?n
機動性, p
機動的, p
機動力, p
機能, p
機能強化, p
機能訓練, e
機能障害, n
機能性, p
機能低下, n
機能美, p
機能不全, n
機敏, p
機密費, e
帰らぬ旅, n
帰依, e
帰巣性, e
気, ?p?n
気さく, p
気の張り, e
気の毒, n
気ふさぎ, n
気ぶっせい, n
気まずさ, n
気まま, e
気運, e
気炎, p
気温差, e
気概, p
気楽, p
気掛かり, n
気管支炎, n
気管支喘息, n
気詰まり, n
気胸, n
気苦労, n
気軽, p
気遣い, e
気遣わしさ, n
気後れ, n
気構え, p
気合, p
気合い, p
気合い負け, n
気骨, p
気持ち, p
気持ちよさ, p
気持ち悪さ, n
気持ち良さ, p
気質, e
気重, n
気丈, p
気乗り, e
気色, e
気随, n
気随気まま, n
気勢, p
気絶, n
気息, e
気息奄奄, n
気任せ, n
気配, e
気配り, e
気迫, p
気疲れ, n
気品, p
気付き, e
気付け, e
気負い, e
気風, p
気分, e
気分一新, p
気分転換, p
気泡, n
気密性, p
気落ち, n
気力, p
気鬱, n
季刊, e
季節, e
季節感, p
稀, e
紀律, p
規制, e
規制強化, e
規整, e
規正, e
規正・規整, e
規則, e
規模, p
規約, e
規律, e
規律, p
記憶障害, n
記憶喪失, n
記憶容量, p
記憶力, p
記載事項, e
記入ミス, n
記念, e
記念講演, e
記念品, p
記録, p
貴意, p
貴重, p
貴女, e
起業, e
起業家, e
起業家精神, e
起源, p
起死回生, p
起点, e
起伏, e
輝き, p
飢え, n
飢餓, n
飢餓感, n
飢渇, n
飢饉, n
鬼, e
鬼に金棒, p
鬼ばば, n
鬼気, n
鬼才, p
鬼女, n
鬼神, e
鬼畜, n
亀レス, n
亀裂, n
偽り, n
偽言, n
偽者, n
偽証, n
偽善, n
偽装, n
偽造, n
偽物, n
戯言, n
戯作, e
技, p
技あり, p
技芸, e
技巧, p
技巧派, e
技術, p
技術開発, e
技術向上, p
技術指導, e
技術者, p
技術面, e
技術力, p
技能, p
技量, p
欺瞞, n
犠牲, n
犠牲者, n
犠打, e
犠飛, e
疑い, n
疑義, n
疑似体験, e
疑心, n
疑心暗鬼, n
疑点, n
疑念, n
疑問, e
疑問視, n
疑惑, n
義援, p
義賊, p
義父, e
義務, e
義勇, p
義理, e
義理人情, p
議員, e
議員辞職, n
議論, e
吉, p
吉凶, n
吉左右, e
吉事, p
吉祥, p
吉相, p
吉兆, p
吉日, p
吉報, p
吃音, n
喫煙, n
喫煙者, n
喫緊, n
詰まり, n
詰み, n
却下, n
客観性, e
客気, e
客先, e
客体, e
脚気, n
脚線美, p
脚本家, e
脚力, p
虐殺, n
虐待, n
逆コース, e
逆境, n
逆光, n
逆効果, n
逆恨み, n
逆子, n
逆襲, e
逆心, n
逆転, e
逆転劇, e
逆転勝利, p
逆転負け, n
逆風, n
逆流, e
久しぶり, e
久し振り, e
仇敵, n
休み, e
休暇, e
休学, n
休刊, n
休憩, p
休止, e
休心, e
休心・休神, e
休神, e
休戚, e
休息, e
休電, n
休日, e
休日出勤, n
吸い殻, n
吸引, e
吸殻, e
吸血鬼, n
吸湿性, e
吸収, e
吸収性, p
吸入, e
宮刑, n
急, n
急ぎ, n
急患, n
急死, n
急上昇, e
急場, e
急場しのぎ, n
急性, e
急性アルコール中毒, n
急性肝炎, n
急性期, n
急性心筋梗塞, n
急性心不全, n
急逝, n
急増, e
急騰, e
急難, n
急迫, n
急病, n
急変, n
急報, e
急落, n
救い, p
救援, e
救急, n
救護, e
救済, e
救済措置, p
救出, p
救助, p
救命, e
朽廃, n
求愛, e
求刑, n
求心力, p
求人, e
泣きどころ, n
泣き言, n
泣き声, n
球威, p
球菌, e
球状, e
球速, p
究極, e
究明, e
窮まり, n
窮屈, n
窮屈さ, n
窮状, n
窮地, n
窮迫, n
窮乏, n
給付, e
給与, e
旧詠, e
旧怨, n
旧恩, p
旧交, e
旧作, e
旧情報, e
旧聞, n
居住性, p
居直り強盗, n
居眠り, n
巨匠, p
拒食, n
拒食症, n
拒絶反応, n
拒否, n
拒否反応, n
拠り所, p
拠出, e
拠出・醵出, e
虚, e
虚しさ, n
虚偽, n
虚血性心疾患, n
虚言, n
虚言癖, n
虚構, n
虚弱, n
虚弱体質, n
虚心, n
虚勢, n
虚像, n
虚脱感, n
虚報, n
虚無感, n
虚名, n
虚妄, n
許し, e
許可, e
許諾, e
許認可, e
許否, e
許容, p
距離感, e
漁獲, e
漁獲量, p
漁況, p
漁業被害, n
漁村, e
魚油, e
享受, p
供給, e
供給不足, n
供与, e
供養, e
侠盗, e
競り合い, e
競合, e
競作, e
競争心, e
競争相手, e
競争率, e
競争力, p
共感, p
共存, e
共存共栄, p
共通点, e
共通認識, p
共通理解, p
共倒れ, n
共闘, e
共同募金, e
共犯, n
共謀, n
共鳴, e
共有化, e
凶, n
凶悪, n
凶悪事件, n
凶悪犯罪, n
凶器, n
凶荒, n
凶行, n
凶作, n
凶事, n
凶賊, n
凶弾, n
凶変, n
凶報, n
協賛, e
協調, e
協調性, p
協定, e
協力, p
協力関係, e
協力者, p
協和, e
叫び, e
境遇, e
強, e
強がり, n
強さ, p
強み, p
強圧, n
強引, n
強引さ, n
強運, p
強化, e
強姦, n
強気, ?p?n
強記, e
強健, p
強固, p
強攻, e
強硬, e
強行軍, n
強剛, p
強豪, p
強豪・強剛, p
強者, p
強襲, n
強情, n
強制, n
強制使用, n
強制終了, n
強制送還, n
強制労働, n
強壮, p
強打, n
強大, p
強奪, n
強調, e
強敵, n
強度, p
強盗, n
強盗事件, n
強迫観念, e
強風, n
強力, p
強力犯, n
強靱, p
恐さ, n
恐れ, n
恐れなし, p
恐ろしさ, n
恐喝, n
恐慌, n
恐縮, e
恐怖, n
恐怖感, n
恐怖症, n
恐怖心, n
恐怖政治, n
恐竜, n
恐惶, n
恭賀, p
恭敬, p
恭順, p
教え, e
教育, e
教育家, e
教育改革, p
教育活動, e
教育者, e
教育条件, e
教員, e
教官, e
教護, e
教師, e
教授, e
教祖, e
教諭, e
教養, p
狂喜, p
狂気, n
狂牛病, n
狂犬, n
狂犬病, n
狂言, n
狂言回し, e
狂信, n
狭さ, n
狭め, e
狭間, n
狭窄, n
狭心症, n
胸のつかえ, n
胸焼け, n
胸騒ぎ, n
脅威, e
脅迫, n
脅迫電話, n
興行, e
興国, p
興奮, e
興味, p
興味関心, p
興隆, p
郷愁, p
郷土愛, p
鏡開き, e
驚き, p
驚くべき, e
驚喜, p
驚怖, n
仰望, e
凝り, e
凝り性, e
凝滞, n
業, n
業苦, n
業績, p
業病, n
曲線美, p
曲直, e
極, e
極まり, e
極み, e
極め付き, e
極悪, n
極意, p
極楽往生, p
極寒, n
極刑, n
極限, e
極彩色, e
極上, p
極端, n
極致, e
極点, e
極度, e
極論, n
玉にきず, n
玉の緒, p
玉砕, n
玉石, p
僅か, n
勤め, e
勤勉, p
勤務, e
勤労, e
勤労意欲, p
均一性, e
均衡, ?p?n
欣快, p
欣喜, p
欣喜雀躍, p
欣幸, p
禁圧, e
禁煙, p
禁忌, n
禁漁, e
禁固, n
禁固刑, n
禁止, e
禁酒, e
禁制, n
禁足, e
禁帯出, e
禁断, e
禁断症状, n
禁転載, e
禁物, n
禁輸, e
禁欲, e
禁欲生活, e
禁猟, e
禁令, e
筋腫, n
筋肉, p
筋肉痛, n
筋肉疲労, n
筋力, p
緊急, n
緊急事態, n
緊急性, n
緊張, n
緊迫, n
緊迫感, p
緊縛, n
菌, n
菌糸, e
謹賀, p
謹慎, n
謹慎処分, n
近衛, e
近詠, e
近刊, e
近業, e
近作, e
近視, n
近所付き合い, e
近所迷惑, n
近代化, p
金, p
金の卵, p
金メダル, p
金一封, p
金運, p
金回り, p
金額, n
金気, e
金詰まり, n
金銀, p
金欠, n
金遣い, e
金庫破り, n
金剛力, p
金食い虫, n
金切り声, n
金銭力, p
金属アレルギー, n
金箔, e
金融危機, n
金融不安, n
金離れ, e
金力, e
金甌無欠, p
吟醸香, e
吟味, e
銀行強盗, n
銀行融資, e
苦, n
苦さ, n
苦しさ, n
苦しみ, n
苦み, n
苦境, n
苦言, e
苦行, n
苦手, n
苦汁, n
苦渋, n
苦笑, n
苦笑い, n
苦情, n
苦心, ?p?n
苦節, n
苦戦, n
苦虫, n
苦衷, n
苦痛, n
苦闘, n
苦難, n
苦悩, n
苦杯, n
苦味, n
苦悶, n
苦役, n
苦労, n
苦労性, e
駆け引き, e
駆け出し, e
駆除, e
駆動力, p
具, e
具合, e
具体性, p
愚, n
愚かさ, n
愚挙, n
愚見, n
愚考, e
愚行, n
愚作, n
愚痴, n
愚問, n
虞, n
虞犯, n
空き, p
空き時間, e
空き巣, n
空き巣ねらい, n
空き容量, e
空しさ, n
空っけつ, n
空下手, n
空間, p
空気, e
空虚, n
空隙, n
空言, n
空室, e
空手チョップ, e
空襲, n
空笑い, n
空振り, n
空席, e
空前, e
空前絶後, e
空想, p
空中楼閣, n
空転, n
空洞化, n
空念仏, n
空売り, n
空爆, e
空費, n
空腹, n
空腹感, n
空名, n
空欄, e
偶作, e
偶然性, e
偶像崇拝, e
偶力, e
櫛風沐雨, e
屑, n
屈強, p
屈指, p
屈辱, n
屈辱感, n
屈託, n
掘り出し物, p
勲章, p
君恩, p
君子, e
君主, e
薫り, p
訓導, e
群, e
群れ, e
群集心理, e
群盗, n
群雄, e
軍事攻撃, n
軍事力, p
軍神, p
軍勢, e
軍費, n
軍備, e
係争, n
傾国, n
刑, n
刑事事件, n
刑事罰, n
刑罰, n
刑務, n
刑務所, n
啓発, e
啓蒙, e
珪肺, n
型破り, n
契丹, e
契約者, e
契約内容, e
形式, n
形式美, p
形質, p
形成, p
恵み, p
慶賀, p
慶事, p
慶祝, p
掲載, e
掲載許可, e
携帯性, p
敬意, p
敬遠, e
敬仰, p
敬神, p
敬老, e
景観, p
景気, p
景気回復, p
景気後退, n
景気循環, e
景気対策, p
景況, e
景仰, p
景勝, p
景色, p
景品, p
稽古, e
経営危機, n
経営難, n
経営能力, p
経営破綻, n
経験, e
経験不足, n
経済援助, e
経済活性化, p
経済活動, e
経済活力, p
経済危機, n
経済協力, e
経済効果, p
経済効率, p
経済合理性, p
経済支援, e
経済制裁, n
経済性, p
経済成長, p
経済政策, p
経済的損失, n
経済的利益, p
経済的理由, e
経済発展, p
経済不況, n
経済封鎖, n
経済力, p
経常費, e
経費, n
継ぎ足し, e
継承, e
継続性, p
継続的改善, p
継投, e
繋がり, p
荊棘, n
計画的, e
計画変更, e
計算, e
計算量, e
計算力, p
警衛, e
警戒, n
警戒心, n
警固, e
警護, e
警護・警固, e
警告, e
警告音, n
警察, e
警鐘, n
警笛, n
警備, e
警備員, e
警報, e
警防, e
軽さ, p
軽め, p
軽やか, p
軽易, p
軽快, p
軽快さ, p
軽軽, p
軽減, p
軽減措置, e
軽傷, n
軽症, n
軽信, n
軽打, e
軽度, p
軽薄, n
軽犯罪, n
軽便, p
軽妙, p
軽率, n
軽量, p
軽量化, e
軽労働, p
芸域, p
芸術, p
芸術家, e
芸術性, p
芸達者, p
芸能, p
劇化, e
劇痛, n
撃墜, n
激しさ, e
激安, p
激化, e
激化・劇化, e
激賞, e
激情, p
激辛, e
激震, n
激甚, p
激戦, e
激痛, n
激痛・劇痛, n
激怒, n
激闘, p
激動, n
激務, n
激励, p
隙, n
隙間, e
隙間風, n
傑作, p
傑人, p
傑物, p
欠, n
欠課, n
欠格, n
欠陥, n
欠航, n
欠講, n
欠場, n
欠席, n
欠損, n
欠点, n
欠如, n
欠品, n
欠乏, n
欠落, n
欠礼, n
決まり, e
決まり事, e
決まり手, p
決まり文句, e
決め手, p
決壊, 　
決勝, e
決勝ゴール, p
決勝点, p
決心, e
決戦場, e
決断力, p
決定, e
決定力, p
決定力不足, n
決闘, n
潔さ, p
潔白, p
穴, e
結びつき, e
結果オーライ, p
結界, e
結核, n
結核患者, n
結核菌, n
結構, p
結構ずくめ, p
結婚, p
結婚相手, e
結婚披露宴, p
結石, n
結束, e
結滞, e
結膜炎, n
血, e
血しぶき, n
血だらけ, n
血と汗, e
血の気, e
血の道, n
血まみれ, n
血液検査, e
血液循環, e
血気, e
血気盛ん, p
血行, p
血行障害, n
血行不良, n
血祭り, n
血止め, e
血戦, e
血栓, n
血栓症, n
血糖, n
血糖値, n
血反吐, n
血目, n
血友病, n
血流, e
血流量, e
血痰, n
月刊, e
月経痛, n
月光, e
月日, e
月報, e
月明かり, e
月曜病, n
倹約, e
倦怠, n
倦怠感, n
健やか, p
健康, p
健康管理, e
健康障害, n
健康長寿, p
健康被害, n
健康美, p
健康保険, e
健康問題, n
健在, p
健在ぶり, p
健勝, p
健全, p
健全育成, p
健全化, p
健全性, p
健闘, p
健筆, p
健忘症, n
剣が峰, e
剣客, e
剣戟, n
剣豪, p
剣士, e
剣術, e
喧嘩, n
喧騒, e
喧騒・喧噪, n
喧噪, n
堅固, p
堅持, e
堅実, p
堅調, p
堅牢, p
堅牢性, p
嫌, n
嫌い, n
嫌がらせ, n
嫌悪, n
嫌悪感, n
嫌煙, n
嫌忌, n
嫌気, n
嫌疑, n
嫌味, n
建設業, e
憲章, e
懸賞, p
懸濁, n
懸念, n
捲土重来, e
検閲, e
検挙, n
検査, e
検索結果, e
検証, e
検診, e
検討, e
検問, e
権威, p
権益, p
権限, p
権勢, p
権利, p
権利行使, e
権利侵害, n
権力, p
権力争い, n
権力闘争, n
牽制, n
牽制球, e
献金, e
献血, e
献身, e
研究, e
研究開発, e
研究者, e
研究心, e
研究成果, p
研究能力, p
研究費, p
研修, e
研修生, e
研鑽, e
肩こり, n
肩凝り, n
肩透かし, n
肩入れ, e
見え見え, n
見せしめ, n
見どころ, p
見やすさ, p
見易さ, p
見応え, p
見学者, e
見掛け倒し, n
見巧者, p
見事, p
見識, p
見所, p
見送り, e
見当違い, n
見舞金, e
見物, p
見返り, p
見劣り, n
謙虚, p
謙虚さ, p
賢さ, p
賢愚, e
賢者, p
賢俊, p
賢女, p
賢人, p
賢哲, p
賢明, p
鍵穴, e
険, n
険しさ, n
験, p
元, e
元ネタ, e
元気, p
元気さ, p
原因, n
原拠, e
原罪, n
原作, e
原石, e
原虫, e
原爆症, n
原爆投下, n
原発, e
原油, e
厳しさ, n
厳格, n
厳寒, n
厳禁, n
厳刑, n
厳正, e
厳選, e
厳罰, n
厳罰化, e
厳密さ, p
幻影, n
幻覚, n
幻想, e
幻聴, n
幻滅, n
減塩, e
減価, n
減額, e
減刑, e
減産, e
減収, n
減少傾向, e
減衰, n
減速, e
減退, n
減点, n
減農薬, e
減免措置, e
減量, e
減量化, e
源, e
源泉, p
玄人, p
玄米菜食, e
現金, p
現金収入, p
現行制度, e
現行犯, n
現実, e
現実感, p
現実感覚, p
現実性, p
現実味, p
現場検証, e
現場主義, e
現状, e
現状維持, e
現世利益, p
現代人, e
現代病, n
現段階, e
現地調査, e
現役世代, e
言いなり, n
言い過ぎ, n
言い争い, n
言い直し, e
言い分, p
言い方, e
言い訳, n
言い立て, n
言うに及ばず, e
言うもおろか, p
言わずもがな, p
言語感覚, p
言語障害, n
言語能力, p
言説, e
言動, n
言葉とがめ, e
言葉足らず, n
言霊, e
限り, n
限界, n
限界点, e
限度, n
個々人, e
個我, e
個室, e
個人差, e
個人指導, e
個人情報, e
個人的意見, e
個人的感想, e
個性, p
個性化, e
個別指導, e
古さ, e
古つわもの, p
古豪, p
古今未曾有, e
古臭さ, n
古書, e
古拙, n
古代遺跡, e
古風, e
古本, e
呼び出し, e
呼び声, e
呼び鈴, e
呼吸, e
呼吸音, e
呼吸器疾患, n
呼吸器病, n
呼吸停止, n
呼吸不全, n
呼出音, e
固まり, e
固め打ち, e
固持, n
固執, n
固守, e
固定観念, n
固定客, e
固定資産税, e
固有, e
姑, e
孤軍奮闘, n
孤独, n
孤独感, n
孤立, n
孤立化, n
孤立感, n
戸惑い, n
故意, e
故事, e
故障, n
故障者, e
故人, n
枯れ枝, e
枯れ葉, e
枯死, n
狐, n
狐疑, n
糊, e
糊塗, n
袴, e
股, e
胡散臭さ, n
虎口, e
虎口の難, n
誇り, p
誇大妄想, n
誇張, n
雇用, e
雇用機会, e
雇用契約, e
雇用情勢, e
雇用状況, e
雇用創出, p
雇用不安, n
顧客, p
顧客満足, p
鼓吹, e
鼓舞, e
五感, e
五月病, n
五胡十六国, e
五穀豊穣, p
五代十国, e
五分, e
互換性, p
午睡, e
呉, e
娯楽, p
娯楽性, p
後れ, n
後ろめたさ, n
後ろ押し, e
後ろ盾, p
後遺症, n
後援, p
後押し, p
後回し, n
後悔, n
後継者, e
後継者不足, n
後見, e
後顧, n
後顧の憂い, n
後攻, e
後攻め, e
後座, e
後手, n
後進, e
後退, n
後知恵, n
後天性, e
後難, n
後腐れ, n
後味, e
御の字, p
御機嫌, p
御協力, e
御言葉, p
御指摘, e
御指導, e
御支援, p
御神火, p
御難, n
御報, e
御免, n
御利益, p
御理解, e
御了解, e
御了承, e
悟り, p
悟性, p
語学力, p
語句, e
語弊, n
語彙力, p
誤り, n
誤解, n
誤記, n
誤差, n
誤算, n
誤字, n
誤字脱字, n
誤植, n
誤信, n
誤審, n
誤断, n
誤認, n
誤爆, n
誤謬, n
誤報, n
誤訳, n
誤用, n
護衛, e
護憲, e
護持, e
護身, e
護法, e
護摩の灰, n
乞食, n
交じらい, p
交じり, e
交わり, p
交易, e
交感, e
交歓, e
交誼, p
交際, e
交際費, e
交渉, e
交情, e
交替, e
交通安全, p
交通規制, e
交通混雑, n
交通死亡事故, n
交通事故, n
交通渋滞, n
交通戦争, n
交通費, e
交通麻痺, n
交通量, e
交付, e
交友, p
交遊, p
交流, p
候補者, e
光, p
光栄, p
光化学スモッグ, n
光害, n
光輝, e
光景, e
光合成, e
光信号, e
光線, e
光沢, p
光熱費, n
光明, p
光量, p
公, e
公安, e
公益, p
公益性, p
公害, n
公害問題, n
公刊, e
公許, e
公共工事, e
公共事業, e
公共心, p
公共性, p
公差, e
公衆衛生, p
公傷, n
公証, e
公職追放, e
公正, p
公正さ, p
公徳, p
公認, e
公認会計士, e
公表, ?p?n
公平, p
公平さ, p
公平性, p
公報, e
公明, p
公明正大, p
功, p
功績, p
功徳, p
効き目, p
効果, p
効果的, p
効験, p
効能, p
効用, p
効率, p
効率化, e
効率性, p
効力, p
厚み, e
厚意, p
厚誼, p
厚志, p
厚紙, e
厚情, p
厚生, p
厚生年金, p
厚底ブーツ, e
口げんか, n
口なめずり, e
口喧嘩, n
口呼吸, n
口語, e
口腔ケア, e
口実, e
口臭, n
口上, e
口中, e
口蹄疫, n
口頭, e
口頭試問, e
口内炎, n
口腹, p
口癖, n
口論, n
向こう意気, n
向寒, e
向上, p
向上心, p
向心力, p
向性, e
向日性, e
垢, n
好き, p
好き嫌い, n
好き勝手, n
好き放題, n
好み, p
好意, p
好印象, p
好運, p
好塩菌, e
好学, p
好感, p
好感度, p
好奇, p
好奇心, p
好機, p
好誼, p
好況, p
好景気, p
好結果, p
好個, p
好事, p
好人物, p
好成績, p
好打, p
好対照, e
好男子, p
好調, p
好調さ, p
好敵手, p
好転, p
好都合, p
好投, p
好評, p
好不調, e
好捕, p
好味, p
孔子, e
孝行, p
孝養, p
工具, e
工作, e
工事, e
工事中, e
工賃, p
工費, e
巧み, p
巧者, p
巧打, p
巧妙, p
幸, p
幸い, p
幸せ, p
幸せ・仕合わせ, p
幸せ感, p
幸運, p
幸運・好運, p
幸甚, p
幸不幸, e
幸福, p
幸福感, p
広がり, p
広さ, p
広め, p
広告, e
弘法大師, e
恒常性, e
恒例, e
慌ただしさ, n
抗議, n
抗議行動, e
抗告, e
抗戦, n
抗争, n
抗張力, p
抗日, e
抗弁, e
抗力, e
拘縮, e
拘束, n
拘束具, e
拘泥, n
拘留, n
控えめ, e
控え目, p
控訴, n
攻め, p
攻撃, e
攻撃力, p
攻守, e
攻勢, n
攻防, e
攻略, e
更新, e
更新意欲, p
更正, e
更生, p
更迭, n
更年期, n
更年期障害, n
校長会, e
校内, e
校風, e
構成力, p
構想, e
構想力, p
構造改革, e
構築, e
江戸幕府, e
洪恩, p
洪水, n
甲子園出場, e
皇国史観, e
皇帝, p
硬化, e
硬式野球, e
硬調, e
硬直, n
硬派, p
稿, n
紅一点, e
紅葉狩り, e
綱引き, e
考え違い, n
考え物, e
考え方, e
考証, e
考慮, e
肯定, e
航空機事故, n
荒々しさ, n
荒さ, n
荒れ野, n
荒仕事, n
荒神, e
荒唐無稽, n
荒波, n
荒廃, n
荒蕪, n
荒野, e
行い, e
行き過ぎ, n
行き詰まり, n
行き悩み, n
行き来, e
行く手, e
行刑, n
行進, e
行政, e
行政サービス, e
行政運営, e
行動力, p
行方不明者, n
行旅病者, n
行路病者, n
講師, p
講話, e
貢献, p
購入意欲, p
購入者, e
購買意欲, p
購買力, p
酵素, p
鉱物, e
降り, e
降雨, e
降灰, n
降格, n
降雪, e
降板, n
香り, p
香味, e
高め, e
高コスト構造, e
高域, e
高恩, p
高恩・洪恩, p
高音質, p
高価, p
高可用性, p
高画質, p
高機能, p
高誼, p
高級, p
高級感, p
高給, p
高句麗, e
高血圧, n
高血圧症, n
高効率化, p
高校生, e
高校生活, p
高校野球, e
高山病, n
高脂血症, n
高笑い, e
高信号, p
高性能, p
高精度, p
高声, e
高僧, p
高速, p
高速性, p
高値, ?p?n
高潮, e
高低, e
高点, p
高電圧, e
高度, p
高度医療, p
高度差, e
高島屋, e
高等, p
高騰, n
高得点, p
高徳, p
高熱, n
高濃度, e
高配, e
高庇, p
高評, p
高品質, p
高揚, e
高率, p
高麗, e
高齢, e
剛, p
剛の者, p
剛球, p
剛球・豪球, p
剛強, p
剛性, p
剛直, p
号令, e
合わせ技, e
合意形成, e
合格, p
合格者, p
合格者数, p
合間, e
合衆国, e
合図, e
合成洗剤, e
合同練習, e
合併症, n
合法性, e
合理, p
合理化, e
合理性, p
合理的, p
合力, e
壕, e
拷問, n
豪雨, e
豪華, p
豪華さ, p
豪華キャスト, p
豪華賞品, p
豪快, p
豪球, p
豪傑, p
豪州, e
豪速球, p
克己, n
克服, p
克明, e
刻印, e
告白, e
告発, n
国つ神, e
国運, p
国益, p
国家主権, n
国外追放, n
国禁, n
国交, p
国債, e
国際感覚, e
国際競争, e
国際競争力, p
国際協調, e
国際交流, p
国際人, p
国際性, p
国際的視野, p
国事犯, n
国難, n
国民的議論, e
国務, e
国力, p
酷寒, n
酷刑, n
酷使, n
酷暑, n
酷評, n
黒ずみ, n
黒煙, n
黒字, p
黒星, n
黒船, e
黒潮, e
黒内障, n
黒変, n
黒魔法, e
黒幕, n
獄, n
獄中, n
腰骨, e
腰痛, n
骨, n
骨髄移植, e
骨惜しみ, n
骨折, n
骨粗鬆症, n
骨董, p
骨肉の争い, n
今, e
今昔の感, e
今年, e
困却, n
困窮, n
困苦, n
困難, n
困難さ, n
困難性, n
困惑, n
困憊, n
婚約, p
恨, n
恨み, n
恨みっこ, n
恨みつらみ, n
恨めしさ, n
恨事, n
懇意, p
懇願, n
懇志, p
懇情, p
懇親, p
昏倒, n
昆虫, e
昆虫類, e
根なし, n
根気, p
根拠, p
根強さ, p
根性, p
根腐れ, n
根本原因, n
混じり, p
混じり気, n
混雑, n
混色, e
混信, n
混戦, n
混濁, n
混同, e
混沌, n
混入, n
混乱, n
痕跡, e
魂, p
魂胆, e
魂魄, e
些事, n
左うちわ, p
左四つ, e
左打ち, e
左投げ, e
左利き, n
差, n
差し押さえ, e
差し込み, n
差し支え, n
差し手, e
差し障り, n
差し替え, e
差し入れ, e
差し戻し, n
差異, e
差違, e
差押, n
差押え, e
差別, n
差別意識, n
査証, e
砂, e
砂金, p
砂利, e
砂埃, e
詐欺, n
鎖国, n
坐骨神経痛, n
座礁, n
座頭市, e
挫折, n
挫折感, n
債券, n
債権, n
債権回収, e
債権放棄, n
債務, n
債務超過, n
催し物, e
再インストール, e
再会, e
再開, e
再刊, e
再起, p
再興, p
再建, e
再検証, e
再現, e
再現性, p
再交付, e
再出発, e
再生, p
再生能力, p
再生不良性貧血, n
再戦, e
再選, p
再提出, e
再登場, e
再燃, p
再発, n
再発防止, e
再発率, n
再犯, n
再利用, e
最愛, p
最悪, n
最期, n
最強, p
最高, p
最高記録, p
最高得点, p
最終需要, e
最終調整, e
最小化, e
最小限, n
最新, p
最新情報, e
最盛, p
最善, p
最大限, p
最低, n
最適, p
最適化, p
最良, p
彩り, p
彩色, e
才, p
才気, p
才子, p
才俊, p
才女, p
才色兼備, p
才人, p
才知, p
才能, p
才媛, p
才物, p
才力, p
採血, e
採光, e
採用, p
採用数, p
採用枠, p
歳月, e
済度, p
災, n
災い, n
災禍, n
災害, n
災難, n
災厄, n
祭神, e
祭日, p
細やか, p
細菌, n
細菌感染, n
細菌類, e
細工, e
細事, n
細身, p
菜食, e
裁可, e
裁許, e
裁定, e
際限, e
在庫, e
在庫切れ, n
在宅医療, p
在日, e
罪, n
罪悪, n
罪悪感, n
罪科, n
罪過, n
罪業, n
罪障, n
罪状, n
罪深さ, n
財源, p
財産刑, n
財産権, e
財政, e
財政危機, n
財政再建, p
財政支援, p
財政赤字, n
財政措置, p
財政難, n
財政力, p
財宝, p
財務, e
財務状況, e
財務体質, e
財務内容, e
財力, p
冴え, p
阪神ファン, e
阪神淡路大震災, n
作り, p
作り事, n
作り笑い, n
作り声, n
作り話, n
作意, e
作為, n
作家, e
作況, e
作業効率, p
作業時間, e
作曲家, e
作成, e
作製, e
作風, e
作柄, e
作用, e
削除, e
削除依頼, e
搾取, n
昨報, e
錯誤, n
桜花, e
桜色, e
刷新, e
擦り傷, n
擦過傷, n
殺し, n
殺意, n
殺害, n
殺気, n
殺菌, p
殺人, n
殺人鬼, n
殺人罪, n
殺人事件, n
殺人未遂, n
殺人容疑, n
殺生, n
殺風景, n
殺戮, n
雑音, n
雑貨, e
雑菌, n
雑言, n
雑事, n
雑草, e
雑踏, e
雑念, n
雑費, e
雑報, n
雑務, n
雑役, n
雑用, n
錆, n
三すくみ, n
三ヶ月, e
三悪道, n
三景, p
三顧の礼, e
三国一, p
三時間, e
三週間, e
三十分, e
三重殺, e
三振, n
三嘆, p
三段, e
三哲, p
三日, e
三拍子, e
三部作, e
三枚目, e
三流, n
参加, e
参加希望, e
参加協力, e
参加者, p
参会, p
参詣, e
参考, e
参入, e
参列, e
山の幸, e
山の神, e
山王, e
山火事, n
山気, n
山紫水明, p
山賊, n
山地, e
山霊, e
惨め, n
惨禍, n
惨害, n
惨苦, n
惨劇, n
惨事, n
惨状, n
惨敗, n
惨落, n
散逸, n
散財, n
散策, p
散散, n
散髪, e
散歩, p
散漫, n
散乱, n
産すな神, e
産みの苦しみ, n
産休, e
産業, p
産業廃棄物, n
産土神, e
産婦人科, e
産霊の神, e
蚕, e
賛意, p
賛仰, p
賛辞, p
賛助, p
賛成, e
賛成反対, e
賛嘆, p
賛同, p
賛同者, e
賛否, e
賛否両論, e
賛美, p
酸, n
酸化反応, e
酸欠, n
酸欠状態, n
酸性雨, n
酸素不足, n
酸味, e
斬撃, n
斬新さ, p
暫定, e
暫定政権, e
残虐, n
残虐行為, n
残業, n
残酷, n
残酷さ, n
残暑, n
残暑見舞い, p
残像, e
残敵, n
残党, n
残念, n
残塁, e
仕合わせ, p
仕込み, e
仕事, e
仕事上, e
仕事内容, e
仕上がり, e
仕上げ, e
仕打ち, n
仕置き, n
仕入れ, e
仕返し, n
仕立て上がり, e
使いすぎ, n
使い回し, e
使い捨て, e
使い手, e
使い勝手, p
使途, e
使役, n
使用回数, e
使用感, n
使用者責任, e
使用人, e
使用制限, n
使用頻度, p
使用率, e
使用料, n
使用量, p
刺客, n
刺激, e
刺殺, e
刺傷, n
司法, e
史実, p
史跡, e
四つ, e
四恩, p
四季, e
四季折々, p
四季報, e
四球, e
四苦八苦, n
四死球, e
四時間, e
四神, e
四聖, p
四年, e
士気, p
始まり, p
始末, n
始末書, n
姉弟, e
姿, e
子ども達, e
子育て支援, p
子宮筋腫, n
子宮内膜症, n
子供っぽさ, n
子供らしさ, p
子供心, e
子犬, e
子守歌, p
子種, p
子孫繁栄, p
子役, e
屍, n
市街戦, n
市況, e
市場シェア, p
市場価格, e
市場心理, e
市場調査, e
市内通話料金, e
市民活動, e
市民参加, e
師恩, p
師匠, p
志, p
志なかば, n
志気, p
志向, e
志操, p
思いやり, p
思い違い, n
思い過ごし, n
思い込み, n
思い出, p
思い出し笑い, e
思い切り, p
思い当たり, e
思い入れ, e
思い付き, e
思う存分, e
思う様, e
思案, e
思案投げ首, n
思考能力, p
思考力, p
思索, e
思想, e
思念, e
思惑, e
指しゃぶり, n
指針, p
指摘, n
指導, e
指導案, e
指導員, e
指導者, p
指導力, p
指南, e
指紋, e
支え, p
支援, p
支援措置, e
支援体制, p
支給, p
支持, p
支出, n
支所, e
支障, n
支点, e
支配, n
支配権, p
支配力, p
支払い, e
支払義務, e
支離滅裂, n
施策, e
施術, e
施設内, e
旨, e
旨さ, p
旨み, p
旨味, p
枝毛, n
枝葉, e
枝葉末節, n
止めど, e
止血, e
死, n
死に場所, n
死に神, n
死に体, n
死骸, n
死角, n
死期, n
死球, n
死去, n
死刑, n
死刑判決, n
死語, n
死罪, n
死産, n
死者, n
死出の旅, n
死傷者, n
死神, e
死人, n
死線, n
死相, n
死体, n
死地, n
死闘, n
死肉, e
死病, n
死亡, n
死亡者, n
死没, n
死魔, n
死滅, n
死力, e
死霊, n
氏神, e
氏名等, e
獅子舞, e
獅子奮迅, p
私怨, n
私曲, n
私権, e
私見, e
私恨, n
私傷, n
私情, n
私信, e
私徳, p
糸目, e
紙詰まり, n
紫班病, n
脂肪, n
脂肪肝, n
至り, e
至れり尽くせり, p
至極, p
至芸, p
至上, p
至情, p
至難の業, n
至福, p
至妙, p
視覚, e
視覚障害, n
視覚障害者, e
視線, n
視聴覚, e
視聴者, e
視野, p
視野狭窄, n
視力, p
視力障害, n
視力低下, n
詩境, e
詩興, p
詩情, p
詩神, e
詩人, e
試飲, e
試技, e
試供, e
試験, n
試乗, e
試食, e
試問, e
試練, e
資格, e
資格取得, e
資金, p
資金援助, p
資金繰り, n
資金需要, p
資金難, n
資金不足, n
資金面, e
資源, p
資産, p
資産デフレ, e
資質, p
資本, p
資本力, p
資力, p
雌伏, n
歯がゆさ, n
歯ぎしり, n
歯ごたえ, p
歯垢, n
歯周病, n
歯石, n
歯槽膿漏, n
歯痛, n
歯肉炎, n
歯並び, e
歯磨き粉, e
事, e
事案, e
事業化, e
事業活動, e
事業実施, e
事業推進, e
事業展開, e
事件, n
事件事故, n
事故, n
事故死, n
事故等, n
事故発生, n
事故防止, e
事後, e
事後承諾, n
事後報告, e
事細か, p
事実, p
事実誤認, n
事実無根, n
事態, n
事犯, n
事変, n
事由, e
似たようなの, e
似非, n
児童ポルノ, n
児童委員, e
児童虐待, n
児童買春, n
字状, e
慈しみ, p
慈愛, p
慈悲, p
慈悲深さ, p
持ち金, p
持ち合い, e
持ち出し, e
持ち逃げ, n
持ち味, p
持久力, p
持続, p
持続性, p
持病, n
時運, e
時価, e
時間, e
時間不足, n
時限爆弾, o
時効, n
時差, n
時差ぼけ, n
時差ボケ, n
時事ネタ, p
時代考証, e
時代錯誤, n
時代性, e
時代遅れ, n
次作, e
次善, p
次男, n
滋味, e
治安, p
治外法権, e
治癒, p
治療, e
治療効果, p
治療方針, e
痔, n
痔核, n
痔瘻, n
磁器, e
磁気, e
磁性, e
磁束, e
磁力, e
示唆, e
耳下腺炎, n
耳障り, n
耳鳴り, n
自愛, e
自意識, p
自衛, e
自衛隊派兵, e
自演, e
自家中毒, n
自家撞着, p
自我, p
自覚, p
自覚症状, p
自棄, n
自虐, n
自虐史観, n
自給, e
自彊, p
自業自得, n
自己管理, e
自己管理能力, p
自己犠牲, n
自己教育力, p
自己決定権, p
自己決定能力, p
自己嫌悪, n
自己治癒力, p
自己実現, e
自己中心性, e
自己表現, e
自己表現力, p
自己矛盾, n
自己免疫疾患, n
自国語, e
自在, p
自作自演, n
自殺, n
自殺者, n
自殺点, n
自治, e
自治権, p
自治政府, e
自室, p
自主, p
自主回収, n
自主財源, p
自主自立, e
自主性, p
自主性自律性, p
自重, p
自粛, n
自照, e
自信, p
自制, e
自然, e
自然さ, e
自然光, p
自然災害, n
自然治癒力, p
自然食, p
自然選択, e
自然体, p
自然淘汰, p
自然破壊, n
自然保護, e
自然林, e
自尊, e
自尊心, p
自損, n
自堕落, n
自動車事故, n
自動車保険, e
自任, e
自認, e
自白, e
自爆, n
自爆テロ, n
自爆攻撃, n
自発性, p
自負, e
自負心, p
自腹, e
自分, e
自分らしさ, p
自分勝手, n
自閉症, n
自暴自棄, n
自慢, ?p?n
自民党政権, e
自明, p
自由, p
自由競争, e
自由刑, n
自由研究, e
自由自在, p
自由度, p
自律, e
自律神経失調症, n
自律性, p
自立, p
自立心, p
自立性, p
自力, e
自恃, e
辞意, n
辞職, e
辞退, e
辞任, e
識字力, p
識別力, p
雫, e
七難, n
七難八苦, n
七日, e
七年, e
七面倒, n
叱正, e
叱声, n
叱責, n
叱咤, n
執行, e
執行停止, e
執心, n
執着, n
執刀, e
執念, n
執筆, e
執拗, n
失意, n
失格, n
失脚, n
失業, n
失業給付, p
失業者, n
失敬, n
失血, n
失言, n
失語症, n
失効, n
失策, n
失笑, n
失心, n
失神, n
失神・失心, n
失政, n
失速, n
失態, n
失着, n
失調, n
失点, n
失投, n
失当, n
失敗, n
失望, n
失望感, n
失明, n
失礼, n
失恋, n
嫉視, n
嫉妬, n
湿り気, e
湿気, e
湿疹, n
湿性, e
疾患, n
疾走感, p
疾病, n
疾風, p
質, p
質屋, e
質感, p
質疑, e
質実, p
質素, e
質的向上, p
質朴, p
質問, e
質問攻め, n
実, p
実のところ, e
実り, p
実意, e
実益, p
実演, e
実害, n
実感, e
実刑, n
実験室, e
実現, p
実効, p
実効性, p
実行, e
実行速度, p
実行力, p
実際, e
実質, e
実習, e
実証, e
実績, p
実践, e
実践力, p
実損, n
実体験, e
実態, e
実地, e
実費, e
実務能力, p
実名, e
実用, e
実用性, p
実利, p
実力, p
実力差, e
実力者, p
実力主義, p
実力派, p
実例, p
実話, p
縞模様, e
写真家, e
捨て鉢, n
煮汁, p
社運, e
社会参加, e
社会性, p
社会正義, p
社会生活, e
社会的合意, p
社会的弱者, n
社会的地位, p
社会的評価, p
社会不安, n
社会復帰, e
社会福祉, e
社交, e
社交性, e
謝意, p
謝恩, p
謝礼, p
車室内, e
車上荒らし, n
車酔い, n
遮断, n
蛇, e
蛇行, n
邪, n
邪悪, n
邪気, n
邪鬼, n
邪曲, n
邪見, n
邪神, e
邪推, n
邪知, n
邪念, n
邪魔, n
邪魔者, n
邪魔物, n
邪魔物・邪魔者, n
邪魔立て, n
邪欲, n
邪恋, n
借り, n
借りてきた猫のよう, e
借金, n
借金返済, e
借財, n
釈迦, p
釈然, e
若々しさ, p
若さ, p
若気の過ち, n
若気の至り, n
若者, p
若返り, p
若葉マーク, n
寂, n
寂しさ, n
寂声, n
寂滅, n
寂寥, n
寂寥感, n
弱, n
弱さ, n
弱み, n
弱音, n
弱化, n
弱気, n
弱腰, n
弱者, n
弱小, n
弱体, n
弱敵, n
弱点, n
弱肉強食, e
主, e
主イエス, e
主恩, p
主我, e
主観, e
主観性, e
主義主張, e
主計, e
主罪, n
主従, n
主従関係, p
主神, p
主人公, e
主税, e
主線, e
主体性, e
主題歌, p
主張, e
主調, e
主導権争い, n
主役, e
取りこぼし, n
取り越し苦労, n
取り下げ, e
取り壊し, e
取り合い, e
取り消し, n
取り繕い, e
取り組み, e
取り調べ, e
取り柄, p
取り返し, e
取り留め, e
取引, n
取引価格, e
取消, n
取締役, p
取得, e
守り神, e
守り本尊, e
守株, e
守旧, e
守護, e
守護神, e
守秘義務, e
守備力, p
手, e
手がかり, p
手ごたえ, p
手だれ, p
手の内, e
手ほどき, e
手まめ, e
手ブレ, n
手違い, n
手一杯, n
手引き, e
手下, e
手加減, e
手掛かり, p
手間, n
手詰まり, n
手筋, e
手軽, p
手軽さ, p
手口, n
手向かい, n
手込め, n
手頃, p
手作り, e
手仕事, e
手持ち無沙汰, e
手術, ?p?n
手順, e
手助け, p
手錠, n
手数, n
手数料, n
手前勝手, n
手造り, p
手足, e
手足口病, n
手短, e
手段, p
手遅れ, n
手伝い, e
手渡し, e
手刀, n
手当て, e
手動, e
手抜かり, n
手抜き, n
手不足, n
手柄, p
手癖, n
手放し, e
手落ち, n
手利き, p
手練, p
手腕, p
朱色, e
殊勝, p
種まき, e
種子, e
種切れ, n
種痘, e
種類, ?e
腫, n
腫れ, n
腫れ物, n
腫脹, n
腫物, n
腫瘍, n
趣, p
趣き, p
趣向, p
趣味, e
酒飲み, n
酒気, n
酒色, n
酒神, e
酒税, e
酒癖, n
酒乱, n
首肯, e
首吊り, n
受け口, e
受け入れ, e
受け売り, e
受給, p
受検技術, e
受験競争, n
受験者数, e
受験生, e
受験戦争, n
受賞, p
受診, e
受諾, e
受注, e
受動喫煙, n
受難, n
受領, p
呪, n
呪い, n
呪術, n
呪縛, n
呪詛, n
寿, p
寿命, e
授業, e
授業研究, e
授賞式, p
樹海, n
需給, p
需要, p
囚人, n
収益, p
収益性, p
収益力, p
収穫, p
収穫期, p
収穫祭, p
収穫時期, e
収拾, e
収入, p
収入印紙, e
収容所, n
収攬, p
周, e
周知, e
周知徹底, e
周到, p
周密, p
宗教色, e
宗教心, e
宗教性, e
宗教戦争, e
宗匠, e
宗派, e
就業, e
就業機会, e
就職, e
就職難, n
修交, e
修好, p
修好・修交, p
修行, e
修士, p
修身, e
修正, e
修正案, e
修正箇所, n
修正点, n
修得, e
修羅, n
修羅場, n
修理, e
修了, e
修煉, e
愁い, n
愁い・愁え, n
愁え, n
愁傷, n
愁訴, n
愁嘆, n
愁悲, n
秀, p
秀逸, p
秀才, p
秀作, p
秀抜, p
秀美, p
秋, e
秋寒, e
秋気, n
秋風, e
終結, e
終息, e
終端, e
終焉, n
習慣, e
習作, e
習得, p
習癖, e
臭さ, n
臭覚, e
臭気, n
臭味, n
衆生, e
襲撃, n
週刊, e
週報, e
集団感染, n
集団行動, e
集中, e
集中砲火, n
集中力, p
集注攻撃, e
醜, n
醜さ, n
醜悪, n
醜行, n
醜女, n
醜態, n
醜聞, n
醜名, n
住まい, e
住宅ローン, n
住宅街, e
住宅建設, e
住宅事情, e
住宅難, n
充血, n
充実, p
充実感, p
充足, p
十五年, e
十字架上, e
十数年, e
十全, p
十二指腸潰瘍, n
十二分, p
十日, e
十年一日, e
十分, p
従業員数, e
従順, p
従順・柔順, p
柔, n
柔らかさ, p
柔順, p
柔軟, p
柔軟さ, p
柔軟性, p
柔和, p
汁, e
汁気, e
渋さ, p
渋み, n
渋め, p
渋滞, n
獣, n
獣欲, n
縦割り, n
縦割り行政, n
重き, e
重し, n
重ね重ね, e
重圧, n
重恩, p
重荷, n
重過失, n
重患, n
重苦しさ, n
重刑, n
重厚, p
重厚さ, p
重罪, n
重重, p
重傷, n
重症, n
重症化, n
重症急性呼吸器症候群, n
重税, n
重石, e
重体, n
重態, n
重態・重体, n
重大, e
重大事件, n
重大事故, n
重点化, p
重度, n
重篤, n
重罰, n
重犯, n
重病, n
重複, n
重宝, p
重宝・調法, p
重要, e
重要性, e
重量感, p
重力, e
重労働, n
銃撃, n
銃撃戦, n
銃弾, e
夙成, p
宿意, e
宿怨, n
宿題, n
宿敵, n
宿便, n
宿命, e
淑徳, p
祝い, p
祝意, p
祝賀, p
祝儀, p
祝言, p
祝辞, p
祝勝, p
祝福, p
縮減, e
粛正, n
粛清, n
熟女, e
熟成, e
熟成期間, e
熟練, p
熟練者, p
出し, e
出し投げ, e
出っ歯, n
出雲の神, e
出演作, e
出荷時期, e
出荷量, p
出過ぎ, n
出会い, p
出玉, e
出稽古, e
出欠, e
出血, e
出血多量, n
出血量, n
出産, e
出資, p
出自, e
出場, e
出場停止, n
出色, p
出水, n
出世, p
出世作, p
出精, e
出席, e
出題, e
出遅れ, n
出入り, e
出入り禁止, n
出馬, e
出版権, e
出番, p
出費, n
出不精, n
出癖, n
出来, p
出来過ぎ, n
出来具合, e
出来事, e
出来損ない, n
出来物, n
出藍の誉れ, p
出力, e
俊, p
俊英, p
俊傑, p
俊才, p
俊才・駿才, p
俊秀, p
俊足, p
春, p
春らしさ, p
春寒, e
春情, n
春風駘蕩, p
瞬発力, p
駿才, p
循環型社会, e
循環障害, n
旬, p
旬刊, e
楯, e
殉教者, n
準備, e
準備期間, e
準備不足, n
準優勝, p
潤い, p
潤滑, p
潤沢, p
純愛, p
純化, e
純潔, p
純情, p
純真, p
純真無垢, p
純粋, p
純粋さ, p
純正, p
純朴, p
遵守, p
醇化, e
醇化・純化, e
醇美, p
順逆, e
順調, p
順番待ち, e
順良, p
処遇, e
処刑, e
処女, e
処女作, e
処罰, n
処分, n
処理速度, p
処理能力, p
処理落ち, n
初々しさ, p
初学者, n
初刊, e
初感染, n
初耳, e
初勝利, p
初心者, e
初心者マーク, e
初体験, p
初犯, n
初恋, p
所持金, p
所定労働時間, e
所得, p
所払い, n
所有者, e
所要, e
所領, p
暑さ, n
暑気払い, e
暑中見舞い, e
署名, e
署名運動, e
署名活動, e
書き込みエラー, n
書き込み数, p
書き出し, e
書き直し, e
書き味, p
書類審査, e
諸経費, e
諸費用, e
助, e
助け, p
助け合い, e
助け船, p
助演者, e
助教授, e
助教諭, e
助言, e
助手, e
助勢, e
助成, e
助成金, p
助太刀, e
助長, n
助命, e
助力, e
叙情性, p
女の子らしさ, p
女らしさ, p
女王, e
女傑, p
女殺し, e
女手, e
女神, e
女人禁制, e
女人結界, e
女性, e
女性らしさ, p
女性差別, n
女声, e
女装, e
女日照り, n
女癖, n
女冥利, p
女優, e
序章, e
除外, e
除草, e
除名, n
傷, n
傷だらけ, n
傷み, n
傷害, n
傷害事件, n
傷害致死, n
傷口, n
傷痕, n
傷者, n
傷心, n
傷跡, n
傷病, n
傷病兵, n
勝ち, p
勝ち越し, p
勝ち残り, p
勝ち戦, p
勝運, p
勝機, p
勝者, p
勝手, n
勝手気まま, n
勝手次第, n
勝負強さ, p
勝報, p
勝利, p
勝率, p
匠, p
商運, p
商況, p
商業主義, n
商魂, e
商取引, p
商状, e
商売繁盛, p
商品, e
商品価値, p
商品券, p
唱歌, e
奨学, e
奨学金, e
奨励, e
奨励金, p
奨励賞, p
将軍, p
将来, p
将来性, p
将来不安, n
小ささ, e
小じわ, n
小またすくい, e
小ネタ, e
小一時間, e
小宇宙, e
小過, n
小我, e
小技, p
小休止, e
小競り合い, n
小型, p
小型軽量, p
小型軽量化, e
小径, n
小遣い, p
小遣いかせぎ, e
小言, n
小細工, n
小事, n
小成, e
小声, e
小節, e
小走り, e
小太り, n
小町, e
小腸, e
小敵, n
小難, n
小物, n
小変, n
小便, e
小味, n
小役, e
少子化, e
少数者, e
少年たち, e
少年期, e
少年犯罪, n
少年法, e
床ずれ, n
床下, e
承諾, e
承認, e
招待, e
招待券, p
掌握, p
昇進, p
松山, e
消化吸収, e
消化不良, n
消極, n
消失, n
消沈, n
消毒, e
消費, e
消費意欲, e
消費拡大, e
消費支出, e
消費者, e
消費者被害, n
消費税, e
消費電力, n
消耗, n
消耗戦, n
焼きたて, p
焼きもち, n
焼ける, a
焼失, n
焦り, n
焦燥, n
焦燥感, n
焦点, e
焦眉の急, n
照れ, e
照れ笑い, e
照れ性, e
照準, e
症, n
症候群, n
症例, n
省エネ, p
省エネルギー, p
省スペース, p
省スペース性, p
称号, p
称賛, p
称美, p
称揚, p
称揚・賞揚, p
笑, e
笑い, p
笑い顔, p
笑い事, p
笑い声, p
笑み, p
笑顔, p
笑声, p
紹介, e
紹介ページ, e
紹興酒, e
衝撃, n
衝撃音, e
衝撃波, n
衝動, n
衝突, n
衝突事故, e
証, e
証拠, e
証言, e
証人, e
証明, e
証明力, e
詳細, e
詳報, e
象徴, e
象皮病, n
賞, p
賞金, p
賞賛, p
賞賛・称賛, p
賞状, p
賞美, p
賞美・称美, p
賞品, p
賞揚, p
鍾愛, p
障り, n
障害, n
障害基礎年金, p
障碍, n
障壁, n
上がり気味, e
上げ膳据え膳, e
上の上, p
上り調子, p
上下動, e
上機嫌, p
上靴, e
上限, e
上向き, p
上告, e
上作, p
上質, p
上質感, p
上手, p
上手さ, p
上手回し, e
上手投げ, e
上昇率, e
上乗せ, e
上澄み, e
上達, p
上品, p
上品さ, p
上洛, e
上履き, e
丈夫, p
丈夫さ, p
乗り換え, e
乗り気, e
乗り物酔い, n
乗客, e
冗談, n
冗談抜き, e
剰余金, e
城門, e
場つなぎ, n
場違い, n
場外ホームラン, e
場所ふさぎ, n
場打て, n
常, e
常識, p
常識外れ, n
常識的, p
常勝, p
常人, e
常套, e
常連, e
情, p
情けなさ, n
情け知らず, n
情け無用, n
情愛, p
情意, e
情炎, e
情火, e
情感, p
情誼, p
情況, e
情合い, p
情実, e
情緒, p
情緒障害, n
情状酌量, e
情痴, n
情調, e
情動, e
情熱, p
情念, e
情報, p
情報開示, e
情報活用能力, p
情報源, e
情報公開, e
情報処理能力, p
情報操作, n
情報提供, e
情報不足, n
情報満載, p
情報漏洩, n
情欲, n
擾乱, n
条件反射, e
条約, e
条理, p
条例, e
浄化, e
浄財, p
浄土, p
状況, e
状態, e
状態異常, n
蒸し暑さ, n
蒸し返し, n
蒸気, e
蒸発, e
譲位, e
醸成, e
飾り, e
植皮, e
植民地化, n
植民地支配, n
植毛, e
職業訓練, e
職業能力, p
職種, e
職人, p
職人芸, p
職責, e
職能, e
色っぽさ, p
色とりどり, e
色覚異常, n
色感, p
色気, p
色香, e
色合い, e
色彩, p
色彩感覚, p
色女, p
色情, n
色数, e
色鮮やか, p
色素沈着, e
色男, p
色調, p
色欲, n
色落ち, n
触れ合い, e
触覚, e
触感, e
食, e
食い意地, e
食い違い, n
食い過ぎ, n
食い気, p
食い合わせ, n
食い扶持, n
食い料, n
食べかす, n
食べすぎ, n
食べず嫌い, n
食べもの, p
食べ過ぎ, n
食わず嫌い, n
食感, p
食言, n
食思, p
食事療法, e
食傷, n
食卓, e
食中毒, n
食中毒事件, n
食通, p
食当たり, n
食道がん, n
食道楽, p
食費, e
食用油, e
食欲, p
食欲不振, n
食料不足, n
食糧難, n
食糧不足, n
伸び, e
伸びやか, p
伸び悩み, n
伸張, e
伸展, e
信, p
信義, p
信仰, e
信仰心, p
信実, p
信心, p
信任, e
信認, e
信念, p
信奉, p
信望, p
信用, p
信用, p
信用不安, n
信頼, p
信頼回復, p
信頼感, p
信頼関係, p
信頼性, p
信憑, p
信憑性, p
侵害, n
侵害行為, n
侵攻, n
侵食, n
侵入, n
侵入者, n
侵略, n
侵略行為, n
侵略戦争, n
寝たきり, n
寝たきり老人, n
寝だめ, e
寝ばれ, n
寝汗, n
寝技, e
寝言, n
寝室, e
寝食, e
寝息, e
寝不足, n
寝癖, n
寝返り, e
寝坊, n
審議, e
審査員, e
審査基準, e
審美眼, p
心意気, p
心気症, n
心技体, e
心強さ, p
心筋梗塞, n
心懸かり, n
心遣い, p
心構え, p
心細さ, n
心算, e
心残り, n
心疾患, n
心祝い, p
心情, e
心神喪失, n
心神耗弱, n
心身, e
心身症, n
心身障害者, e
心尽くし, p
心性, e
心積もり, e
心組み, e
心臓マヒ, n
心臓移植, e
心臓疾患, n
心臓発作, n
心臓病, n
心臓麻痺, n
心待ち, p
心地よさ, p
心地良さ, p
心置き, n
心中, e
心痛, n
心停止, n
心得違い, n
心配, n
心配り, p
心配事, n
心配性, n
心拍数, n
心肥大, n
心不全, n
心服, p
心変わり, e
心理学, e
心霊, e
心霊写真, n
心労, n
慎み, n
慎重, e
慎重さ, p
慎重論, e
慎独, n
振興, p
新, e
新しさ, p
新鋭, p
新刊, e
新患, n
新歓, p
新規, e
新規性, p
新旧, e
新興住宅地, e
新曲, e
新型肺炎, n
新婚旅行, e
新作, e
新参, e
新参者, e
新式, e
新車, p
新酒, e
新情報, e
新人, e
新鮮, p
新鮮さ, p
新鮮味, p
新増設, e
新知識, e
新築, e
新築祝い, p
新陳代謝, p
新入, e
新品, p
新味, p
新羅, e
新来, e
新緑, p
晋, e
森林破壊, n
森林浴, p
浸食, n
浸水, n
浸水被害, n
浸透, e
深さ, ?p?n
深化, e
深呼吸, e
深刻, n
深刻化, n
深謝, p
深甚, p
深憂, n
申し分, e
真, p
真っ向勝負, e
真価, p
真剣, p
真剣勝負, e
真骨頂, p
真作, p
真似, n
真実, p
真実性, p
真実味, p
真情, p
真心, p
真髄, p
真善美, p
真相解明, e
真相究明, e
真打ち, p
真直ぐ, p
真如, e
真面目, p
真理, p
神, e
神々しさ, p
神さま, e
神格, p
神器, p
神気, e
神祇, e
神経, e
神経過敏, n
神経質, n
神経症, n
神経症状, n
神経障害, n
神経衰弱, n
神経痛, n
神助, p
神職, e
神性, p
神速, p
神智, p
神通力, p
神田, e
神徳, p
神奈川, e
神罰, n
神秘, p
神秘性, p
神品, p
神妙, p
神明, p
神様, e
神霊, e
神話, e
秦, e
臣節, p
親しさ, p
親しみ, p
親の恩, p
親ぼく, p
親愛, p
親衛, p
親近, e
親近感, p
親交, e
親孝行, p
親心, p
親身, p
親水性, e
親切, p
親切さ, p
親善, p
親疎, e
親知らず, e
親睦, p
親密, p
親密さ, p
親密感, p
親友, p
親類付き合い, p
親和, p
親和性, e
診断治療, e
診断名, e
診療, e
診療報酬, p
身から出たさび, n
身だしなみ, p
身の程, n
身軽, p
身勝手, n
身状, p
身性, e
身体症状, n
身体障害, n
身体障害者, e
身長差, e
身売り, n
身分証明, e
身方, p
身命, p
辛さ, e
辛み, e
辛苦, n
辛口, n
辛酸, n
辛勝, e
辛労, n
辛労辛苦, n
進運, p
進化, p
進攻, e
進行, e
進出, e
進捗, p
進展, p
進入, e
進歩, p
進歩性, p
進塁, e
針, n
針のむしろ, n
針小棒大, n
震え, n
震え声, e
震災, n
震撼, n
震駭, n
人, e
人おじ, n
人ごみ, n
人でなし, n
人びと, e
人為選択, e
人為淘汰, e
人員, p
人員削減, n
人格, p
人間らしさ, p
人間ドック, e
人間嫌い, n
人間性, p
人間的魅力, p
人間味, p
人間力, p
人気, p
人気者, p
人気商品, p
人傑, p
人件費, e
人嫌い, n
人権, p
人権侵害, n
人権問題, n
人権擁護, e
人見知り, n
人交わり, p
人口, e
人口減少, n
人口密度, e
人工妊娠中絶, n
人混み, n
人妻, p
人材, e
人材育成, e
人材不足, n
人擦れ, p
人事不省, n
人手, p
人手不足, n
人種, e
人種差別, n
人情, p
人情味, p
人身事故, n
人性, e
人生, p
人通り, e
人的被害, n
人当たり, e
人徳, p
人非人, n
人付き合い, p
人物, e
人望, p
人命, p
人命救助, e
人面獣心, n
人目, e
人力車, e
人類愛, p
人類滅亡, n
人恋しさ, n
仁, p
仁愛, p
仁義, p
仁恵, p
仁慈, p
仁者, p
仁恕, p
仁徳, p
刃こぼれ, n
刃向かい, n
刃傷ざた, n
刃物, e
塵, n
塵肺, n
甚だ, e
甚大, e
尽力, e
腎炎, n
腎機能障害, n
腎臓, e
腎臓病, n
腎不全, n
腎盂炎, n
迅速, p
陣痛, n
陣容, e
靭性, p
酢っぱみ, e
図書券, e
図星, n
厨, e
厨房, e
吹き出もの, n
吹き出物, n
吹雪, e
垂れ流し, e
推奨, e
推称, e
推賞, e
推賞・推称, p
推進, e
推薦, p
推薦状, p
推測, e
推力, p
水しぶき, e
水ばれ, n
水アカ, n
水位, e
水禍, n
水害, n
水気, e
水源, e
水戸黄門, e
水垢, n
水際作戦, e
水子, n
水質汚染, n
水質汚濁, n
水腫, n
水準, e
水蒸気爆発, e
水神, e
水切り, e
水増し, e
水虫, n
水鳥, e
水痘, n
水頭症, n
水道水, e
水難, n
水難事故, n
水入らず, p
水入り, n
水不足, n
水分子, e
水分摂取, e
水分補給, e
水辺, e
水膨れ, n
水没, n
水俣病, n
水密, e
水揚げ, e
水溶性, e
水漏れ, n
水疱, n
水疱瘡, n
睡魔, e
睡眠, e
睡眠障害, n
睡眠不足, n
粋, p
衰え, n
衰運, n
衰残, n
衰弱, n
衰退, n
衰微, n
衰亡, n
衰滅, n
遂行, e
随一, p
随喜, p
随分, e
髄膜炎, n
崇, p
崇敬, p
崇拝, p
数カ所, e
数ヵ月, e
数ヶ月, e
数奇, n
数時間, e
数週間, e
数十分, e
数値予報, e
数点, e
数日, e
菅原道真, e
寸志, p
世の常, e
世界, e
世界一, p
世界一周, p
世界観, e
世界支配, n
世界新, p
世界進出, p
世界戦争, n
世界大戦, n
世界平和, p
世慣れ, e
世間擦れ, e
世間知らず, n
世故, e
世襲, n
世俗, n
世知, e
世田谷, e
世評, p
世話, e
是正, e
凄さ, ?p?n
凄まじさ, e
凄艶, p
制圧, n
制球, e
制球力, p
制限, e
制限速度, e
制裁, n
制止, n
制度そのもの, e
制度化, e
制度疲労, n
制覇, p
制約, n
制約条件, n
勢い, p
勢力, p
勢力争い, n
征服, ?p
性, e
性感, e
性感染症, n
性根, p
性差, e
性差別, n
性情, e
性的興奮, n
性同一性障害, n
性能, p
性能差, e
性能低下, n
性犯罪, n
性病, n
性分, e
性暴力, n
性欲, e
成育, e
成果, p
成業, p
成功, p
成功者, p
成功体験, p
成功報酬, p
成就, p
成就感, p
成熟, p
成熟期, p
成心, e
成人病, n
成績, p
成長, p
成長ぶり, p
成長性, p
成長力, p
成敗, n
成仏, p
成立, e
政況, e
政策転換, e
政治参加, e
政治犯, n
政治不信, n
政治腐敗, n
政敵, e
政変, e
政務, e
政略結婚, n
整形手術, e
整合, e
整合性, p
整備, e
整備充実, p
整備促進, e
星空, p
星目, n
晴れやか, p
晴れ晴れ, p
晴天, p
正, p
正しさ, p
正解, p
正確, p
正確さ, p
正確性, p
正規, p
正義, p
正義感, p
正月気分, p
正誤, e
正邪, e
正常, p
正常化, e
正真正銘, e
正体, e
正調, p
正直, p
正当, p
正当化, n
正当性, p
正統, p
正統性, p
正念場, e
正反対, e
正否, e
正銘, p
正論, p
清, e
清々しさ, p
清らか, p
清潔, p
清潔さ, p
清潔感, p
清純, p
清祥, p
清浄, e
清浄無垢, p
清水, p
清澄, p
清清, p
清楚, p
清掃, e
清濁, e
清貧, p
清流, p
清涼感, p
清冽, p
生, ?e
生きがい, p
生き甲斐, p
生き残り, p
生き神様, e
生き体, e
生き仏, p
生き返り, p
生き霊, e
生ごみ, e
生まれ変わり, p
生み・産みの苦しみ, n
生みの苦しみ, n
生ゴミ, n
生意気, n
生育, e
生育障害, n
生育量, e
生涯, e
生涯スポーツ, e
生涯現役, p
生活感, e
生活苦, n
生活空間, e
生活指導, e
生活支援, e
生活習慣病, n
生活難, n
生活排水, n
生活反応, e
生活費, p
生活保護, p
生活力, p
生還, p
生気, p
生彩, p
生殺し, n
生産, e
生産意欲, p
生産拡大, e
生産拠点, e
生産効率, p
生産性, p
生産性向上, e
生産中止, e
生産能力, p
生産量, p
生産力, p
生死, e
生糸, e
生者, e
生臭さ, n
生殖機能, p
生成, e
生存, p
生存者, p
生体反応, e
生長, p
生徒たち, p
生物時計, e
生命, p
生命反応, e
生命力, p
生命倫理, p
生理, e
生理現象, e
生理痛, n
生理日, e
生理不順, n
生霊, n
盛り, p
盛りだくさん, p
盛り上がり, p
盛ん, p
盛運, p
盛況, p
盛者, p
盛衰, e
盛大, p
精, e
精鋭, p
精華, p
精確, p
精気, p
精強, p
精巧, p
精子, e
精神汚染, n
精神疾患, n
精神障害, n
精神障害者, e
精神性, p
精神的ダメージ, n
精神的苦痛, n
精神的疲労, n
精神病, n
精神病院, e
精神分裂症, n
精神分裂病, n
精神崩壊, n
精神力, p
精進, p
精美, p
精密, p
精密さ, p
精妙, p
精力, p
精力絶倫, p
精力的, p
精励, p
精霊, p
精悍さ, p
精緻, p
聖, p
聖恩, p
聖歌, e
聖賢, p
聖者, e
聖書, e
聖女, e
聖人, e
聖水, e
聖哲, e
聖徳, p
聖徳太子, e
聖母, e
聖母マリア, p
聖夜, e
聖霊, p
声援, p
声価, e
声楽家, e
声質, e
声名, e
声優, e
西夏, e
西哲, p
西南戦争, n
誠, p
誠意, p
誠実, p
誠実さ, p
誓約書, e
逝去, n
青い鳥, e
青そこひ, n
青びょうたん, n
青鬼, n
青空, p
青臭さ, n
青汁, e
青春, p
青少年, e
青息, n
青天の霹靂, e
静, p
静か, ?p?n
静かさ, p
静けさ, p
静穏, p
静止, e
静寂, e
静粛性, p
静電気, e
静脈瘤, n
税金, e
税収, p
税収入, p
税負担, n
税務, e
脆さ, n
脆弱, n
惜敗, n
斥力, e
石化, e
石灰化, e
石油, e
石油ショック, n
石油危機, n
積もり, e
積怨, n
積極性, e
積極的, p
積雪, e
脊髄カリエス, n
責, n
責め苦, n
責任感, p
責務, e
赤い羽根, p
赤ら顔, e
赤禍, e
赤鬼, e
赤錆, n
赤字, n
赤字経営, n
赤水, e
赤潮, n
赤点, n
赤貧, n
赤味, e
赤面, e
赤目, n
赤痢, n
跡, e
切なさ, n
切り捨て, n
切り傷, n
切り返し, e
切れ, e
切れ者, p
切れ端, n
切れ味, p
切開, e
切実, n
切実さ, e
切迫, n
切腹, n
拙攻, n
拙作, n
拙速, e
接種, e
接触不良, n
接続性, e
接着性, p
接点, p
摂取, e
摂食, e
摂食障害, n
折り合い, p
折り紙, p
折り紙付き, p
折檻, n
設計者, e
設題, e
設定ミス, n
設備, p
設備投資, e
設問, e
窃取, n
窃盗, n
節, e
節煙, e
節義, p
節減, e
節酒, e
節制, e
節操, p
節電, e
節度, p
節約, e
説得, e
説得力, p
説明, e
説明不足, n
雪, e
雪害, n
雪駄, e
雪道, e
雪崩, n
雪盲, n
絶, n
絶佳, p
絶叫, e
絶景, p
絶後, e
絶好, p
絶好調, p
絶賛, p
絶勝, p
絶唱, e
絶息, n
絶対音感, p
絶頂, p
絶版, n
絶美, p
絶望, n
絶望感, n
絶望的, n
絶妙, p
絶命, n
絶滅, n
絶倫, p
舌なめずり, e
舌禍, n
舌鼓, p
舌足らず, n
舌打ち, n
仙道, e
先覚, e
先覚者, p
先駆者, p
先見, p
先見の明, p
先見性, p
先賢, p
先攻, e
先行き不透明感, n
先細り, n
先勝, p
先進性, p
先制, e
先制ゴール, p
先制パンチ, n
先制攻撃, e
先制点, p
先生, e
先太り, n
先達, e
先哲, p
先天性, e
先入観, n
千辛万苦, n
千人力, p
千編一律, n
千慮の一失, n
占領, n
宣旨, e
宣戦布告, n
宣撫, e
専横, n
専任講師, e
専売特許, e
専門, p
専門医, p
専門家, e
専門性, p
専門知識, p
専門的知識, p
専門的能力, p
専門能力, p
川上, e
戦意, p
戦果, p
戦火, n
戦禍, n
戦況, e
戦後, e
戦後復興, e
戦功, p
戦災, n
戦士, e
戦死, n
戦死者, n
戦勝, p
戦場, n
戦績, p
戦線離脱, e
戦争, n
戦争責任, n
戦争反対, e
戦争犯罪, n
戦闘, n
戦闘能力, p
戦闘力, p
戦敗, n
戦犯, n
戦費, n
戦没, n
戦友, e
戦略性, p
戦力, p
浅見, n
浅知恵, n
洗い物, e
洗浄, e
洗浄力, p
洗濯物, e
洗礼, e
洗練, p
染色, e
潜在意識, e
潜在能力, e
煽り, n
穿刺, e
穿鑿好き, n
線維化, e
線画, e
繊細, p
繊細さ, p
羨望, e
船酔い, n
船霊, e
選び, e
選り好み, n
選球, e
選挙協力, e
選曲, e
選考, e
選考会, e
選奨, p
選択科目, e
選抜, e
遷化, n
閃光, e
鮮やか, p
鮮やかさ, p
鮮度, p
鮮明, p
鮮烈, p
前科, n
前景気, e
前後関係, e
前座, e
前作, e
前祝い, e
前進, p
前人未到, e
前代未聞, e
前途, p
前評判, e
前立腺, e
前立腺がん, n
前立腺癌, n
前立腺肥大, n
前立腺肥大症, n
善, p
善し悪し, e
善意, p
善因善果, e
善玉, e
善行, p
善政, p
善戦, p
善美, p
漸騰, n
漸落, n
然諾, e
全く, e
全壊, n
全快, p
全開, e
全額, e
全国制覇, p
全国統一, e
全勝, p
全焼, o
全身全霊, e
全人, e
全盛, p
全精力, p
全責任, e
全速, p
全速力, p
全損, n
全知, p
全知全能, p
全能, p
全敗, n
全米, e
全滅, n
全面協力, e
全面戦争, n
全力, p
塑性, e
疎外感, n
祖国統一, p
祖先, p
租税, e
粗, n
粗さ, n
粗悪, n
粗忽, n
粗相, n
粗品, e
素, e
素行, e
素材, e
素質, p
素振り, e
素人, n
素晴らしさ, p
素早さ, p
素地, p
素直, p
素敵, p
素朴, p
素養, p
訴え, n
訴追, e
阻害, n
阻止, e
僧侶, e
創意, e
創意工夫, p
創価学会, e
創刊, e
創業者, p
創見, p
創作, e
創作意欲, p
創造, e
創造性, p
創造力, p
倉庫荒し, n
喪失, n
喪失感, n
喪心, n
喪心・喪神, n
喪神, n
壮快, p
壮観, p
壮健, p
壮絶, n
壮美, p
奏功, p
奏効, p
爽やか, p
爽やかさ, p
爽快, p
爽快感, p
宋, e
想い, p
想い出, e
想像力, p
想定, e
想到, e
想念, e
捜索, e
挿入, e
掻爬, e
操, e
操作性, p
操守, e
操縦席, e
早さ, e
早とちり, n
早め, e
早期, e
早期完成, p
早期治療, e
早期実現, p
早期成立, p
早期着工, e
早期導入, e
早期発見, p
早期発見早期治療, p
早起き, e
早業, p
早口, n
早寝早起き, p
早成, e
早打ち, e
早退, n
早発, e
早発性, e
早発性痴呆, n
早漏, n
巣, e
巣窟, n
争, n
争い, n
争奪戦, n
争乱, n
相, e
相愛, p
相違, e
相違点, e
相姦, e
相互依存関係, n
相互運用性, p
相互干渉, e
相互協力, e
相互理解, e
相四つ, e
相思, e
相思相愛, p
相乗効果, p
相性問題, e
相続, e
相打ち, e
相聞, e
総すかん, n
総て, p
総なめ, p
総スカン, n
総攻撃, n
総合, e
総合力, p
総辞職, e
総点, e
総点検, e
総崩れ, n
草稿, e
草野球, e
荘厳, p
荘厳さ, p
蒼白, n
装い, e
装飾, e
装飾性, e
装備, e
走性, e
走力, p
走塁, e
送りバント, e
送り倒し, e
送球, e
送料, e
送料無料, e
遭難, n
遭難者, n
霜, e
霜害, n
騒がしさ, n
騒ぎ, n
騒音, n
騒動, n
騒乱, n
増, e
増し, e
増員, e
増援, e
増加, e
増加傾向, e
増刊, e
増強, e
増減, e
増産, p
増収, p
増進, e
増水, n
増勢, e
増税, n
憎さ, n
憎しみ, n
憎まれ役, n
憎らしさ, n
憎悪, n
憎憎しさ, n
臓器移植, e
贈与税, e
造詣, e
造反, n
促進, e
即興, e
即決, e
即効, e
即座, e
即戦力, p
即諾, e
即答, e
息, e
息の根, n
息苦しさ, n
息遣い, e
息災, p
息吹, p
息切れ, n
息抜き, e
束縛, n
足まめ, e
足技, e
足止め, n
足弱, n
足跡, e
足切り, n
足袋, e
足踏み, n
足踏み状態, n
足払い, e
足並み, e
足癖, n
足留め, e
足枷, n
速さ, p
速やか, p
速乾性, e
速球, p
速効, p
速攻, e
速度, e
速度差, e
速度低下, n
速報, e
速報性, p
速力, p
俗, n
俗化, n
俗情, n
俗世, n
俗世間, n
俗念, n
賊, n
賊徒, n
続伸, n
続投, e
続騰, e
続報, e
続落, n
卒去, n
卒業, e
卒業研究, e
卒業資格, p
卒中, n
卒倒, n
卒論, e
其処, e
存じ寄り, e
存在意義, p
存在感, p
存在証明, e
存在理由, e
存生, p
存続, e
存分, e
存命, e
存立, e
孫, e
尊さ, p
尊王, e
尊敬, p
尊厳, p
尊皇, e
尊皇・尊王, e
尊重, p
尊信, p
尊崇, p
損, e
損じ, n
損壊, n
損害, n
損害賠償, n
損害賠償請求権, e
損害賠償責任, n
損失, n
損傷, n
村夫子, e
遜色, e
他, e
他愛, e
他界, n
他極, e
他殺, n
他者性, e
他方, e
多さ, e
多角, e
多機能, p
多極, e
多血質, n
多幸, p
多彩, p
多謝, p
多重債務, n
多情仏心, p
多動, n
多読, e
多尿, n
多方面, e
多忙, n
多面的機能, p
多様化, e
多様性, p
太っ腹, p
太りすぎ, n
太線, e
太刀打ち, n
太平, p
太平楽, p
太平洋戦争, e
太陽, e
太陽神, e
唾, e
唾液, e
唾棄, n
堕落, n
妥当, e
妥当性, e
惰性, n
惰性的, n
惰力, e
打ち, e
打ち間違い, n
打ち合い, e
打ち傷, n
打ち身, n
打ち切り, n
打開, e
打球, e
打撃, n
打算, n
打線, e
打点, e
打倒, e
打撲, n
打擲, n
駄スレ, n
駄作, n
駄文, n
駄目, n
駄目押し, e
駄目出し, n
駄洒落, e
体位, e
体液, e
体外受精, e
体格差, e
体感, e
体刑, n
体験, e
体脂肪, n
体脂肪率, n
体質, e
体臭, e
体重, n
体重差, e
体重増加, n
体制整備, e
体中, e
体調不良, n
体内時計, p
体罰, n
体力, p
体力づくり, e
体力気力, p
体力差, n
体力作り, e
体力低下, n
体力不足, n
堆積, n
対, e
対応力, p
対価, e
対岸の火事, n
対極, e
対空砲火, n
対決, e
対抗, n
対策, e
対人関係, e
対人恐怖, n
対人恐怖症, n
対陣, n
対等合併, e
対面, e
対面販売, e
対立, n
対流, e
対話, e
耐圧, p
耐久性, p
耐久力, p
耐候性, p
耐湿性, e
耐衝撃性, p
耐食性, p
耐震, e
耐震性, p
耐水性, p
耐性, p
耐熱性, p
耐摩耗性, e
帯域, e
帯域幅, p
帯状疱疹, n
待ちぼうけ, n
待ち時間, n
待ち伏せ, e
待避, e
待望, e
怠け, n
怠け者, n
怠惰, n
怠慢, n
泰, e
滞り, n
滞納, n
胎動, e
胎毒, n
胎内, e
袋小路, e
袋叩き, n
貸し, e
退位, e
退院, e
退院祝い, p
退隠, e
退化, n
退会, n
退学, n
退官, e
退却, e
退局, e
退屈, n
退行, n
退治, e
退社, e
退所, e
退場, e
退場処分, n
退職, e
退色, n
退陣, e
退団, e
退潮, e
退任, e
退廃, n
退廃・頽廃, n
退避, e
退部, n
退歩, n
退役, e
逮捕, n
鯛, e
代わり, e
代金, e
代稽古, e
代謝, p
代償, n
代打, e
代替, e
代替案, e
代表, e
代表作, p
代表選手, p
代役, p
台, e
台形, e
台風, n
台無し, n
台湾, e
台湾語, e
大げさ, n
大ざっぱ, n
大にぎわい, p
大の字, e
大まか, n
大ダメージ, n
大ヒット, p
大ブーイング, n
大移動, e
大悦, p
大往生, p
大恩, p
大音声, e
大家, p
大火災, n
大過, n
大我, e
大怪我, n
大外刈り, e
大学名, e
大喝, n
大患, n
大間違い, n
大企業, p
大喜び, p
大器, e
大器晩成, p
大気汚染, n
大気圏, e
大飢饉, n
大儀, n
大技, p
大義, p
大吉, p
大虐殺, n
大逆, n
大泣き, n
大漁, p
大凶, n
大恐慌, n
大金, p
大袈裟, n
大型魚, e
大型店, e
大型倒産, n
大慶, p
大喧嘩, n
大賢, p
大好き, p
大好評, p
大工仕事, e
大洪水, n
大国, p
大災害, n
大罪, n
大作, p
大雑把, n
大惨事, n
大仕事, p
大事, p
大事故, n
大慈大悲, e
大自然, p
大失態, n
大失敗, n
大酒, e
大衆, e
大衆性, e
大渋滞, n
大出力, e
大勝, p
大勝利, p
大笑, e
大笑い, p
大丈夫, p
大震災, n
大人, e
大人物, p
大水, n
大水害, n
大成, p
大成功, p
大盛況, p
大聖, p
大声, e
大切, p
大雪, n
大戦, n
大戦争, n
大層, e
大掃除, e
大蔵, e
大損, n
大損害, n
大多数, p
大打撃, n
大胆, p
大胆さ, p
大地震, n
大腸がん, n
大腸ガン, n
大腸癌, n
大腸菌, n
大津波, n
大敵, n
大東亜戦争, n
大盗, n
大統領, p
大難, n
大任, e
大波, e
大破, n
大敗, n
大爆発, n
大盤石, p
大被害, n
大病, n
大風, n
大福, p
大物, p
大変, n
大便, n
大味, n
大迷惑, n
大目玉, n
大厄, n
大容量, e
大量失点, n
大量消費, e
大力, p
大和魂, p
大和心, p
第１次世界大戦, n
第一次世界大戦, n
第一次大戦, n
第一人者, p
第一声, e
第一報, e
第一流, p
第三部, e
第二次世界大戦, n
第二次大戦, n
第二部, e
第二話, e
醍醐味, p
卓識, p
卓抜, p
濁り, n
濁る, a
濁流, e
諾, e
諾意, e
諾否, e
叩き, n
達識, p
達者, p
達人, p
達成, p
達成感, p
奪い合い, n
奪回, p
奪還, e
脱臼, n
脱会, e
脱却, p
脱出, e
脱色, e
脱水, e
脱水症状, n
脱税, n
脱線, n
脱走, n
脱退, e
脱腸, n
脱党, e
脱藩, e
脱法, n
脱毛, e
脱落, n
脱落者, n
脱力, e
脱力感, n
脱輪, n
脱疽, n
棚卸し, n
丹青, p
丹毒, n
丹念, p
単価, e
単彩, e
単純, e
単身赴任, e
単打, e
単調, n
単調さ, n
単独犯, n
嘆, n
嘆かわしさ, n
嘆き, n
嘆願, e
嘆美, p
担い手, e
担税力, e
担任, e
探求, e
探求心, p
探究心, p
探検, e
探検気分, p
淡彩, p
淡泊, e
炭肺, n
短気, n
短所, n
短打, e
短調, e
短編, e
短命, n
端役, n
胆汁質, n
胆石, n
胆力, e
誕生, p
誕生会, e
誕生祝い, p
誕生石, p
誕生日, p
誕生日プレゼント, p
誕生日祝い, p
団結, e
団結力, p
団体客, e
団欒, p
弾圧, n
弾丸, e
弾性, e
弾薬, e
弾力, p
弾力性, p
弾力的, e
断トツ, p
断罪, n
断食, e
断水, n
断絶, n
断線, n
断層, e
断腸, n
断腸の思い, n
断定, e
断熱, e
断熱性, p
断念, n
断片, n
断片化, e
断末魔, n
暖かさ, p
段ボール, e
段違い, p
段差, n
男らしさ, e
男気, p
男嫌い, n
男子禁制, e
男手, p
男女共同参画, p
男女差, n
男女差別, n
男女同権, p
男女平等, p
男神, p
男声, e
男前, p
男日照り, n
男冥利, p
談合, n
値ごろ, p
値引き, e
値下がり, ?p?n
値下げ, e
値下げ競争, e
値札, e
値上がり, ?p?n
値上げ, n
値打ち, p
値段, n
値崩れ, n
知, p
知・智, p
知らせ, e
知る権利, p
知覚, e
知恵, p
知恵袋, p
知恵熱, e
知見, e
知行, p
知識, p
知識経験, p
知識人, p
知識不足, n
知性, p
知的, p
知的活動, e
知的興奮, p
知的好奇心, p
知的所有権, p
知的障害, n
知徳, p
知能, p
知能犯, n
知名, p
知名度, p
知勇, p
知力, p
地ばれ, n
地位, p
地域格差, n
地域活動, e
地域差, n
地域振興, e
地域性, p
地域福祉, e
地域紛争, n
地下鉄サリン事件, n
地殻変動, e
地気, e
地祇, e
地球温暖化対策, e
地球上, e
地獄, n
地震, n
地声, e
地層, e
地盤沈下, n
地方都市, e
地味, n
地雷, n
地力, p
地霊, e
弛緩, e
恥, n
恥さらし, n
恥じらい, e
恥ずかしさ, n
恥辱, n
恥部, n
智, p
智恵, p
智慧, p
痴ほう, n
痴漢, n
痴漢行為, n
痴情, n
痴呆, n
痴呆症, n
痴話げんか, n
稚魚, e
稚拙, n
置いてきぼり, n
置き引き, n
置換, e
致仕, e
致死, n
致命, n
致命傷, n
蜘蛛, e
遅さ, n
遅れ, n
遅ればせ, n
遅れ馳せ, n
遅延, n
遅刻, n
遅参, n
遅速, e
遅滞, n
遅知恵, n
竹林の七賢, p
蓄え, p
蓄積, n
蓄膿症, n
秩序, p
窒息, n
茶々, e
茶気, p
茶飯事, e
着意, e
着実, e
着手, e
着色, e
着信, e
着想, e
着道楽, n
中, e
中だるみ, n
中華, e
中華人民共和国, e
中許し, e
中古, n
中古市場, e
中国, e
中国国内, e
中国市場, e
中止, n
中耳炎, n
中傷, n
中心, e
中身, e
中辛, e
中性, e
中性脂肪, n
中正, e
中絶, n
中速, e
中断, n
中途, n
中途半端, n
中毒, n
中風, e
中庸, p
中立, e
中立性, p
仲, e
仲間, p
仲間意識, p
仲間内, e
仲人, p
仲直り, p
仲良し, p
忠義, p
忠勤, p
忠告, e
忠魂, p
忠実, p
忠心, p
忠誠, p
忠誠心, p
忠節, p
忠霊, p
昼食会, e
昼寝, e
昼夜逆転, n
注意, n
注意義務, e
注意力, p
注目, e
虫の息, n
虫刺され, n
虫歯, n
虫食い, n
虫垂炎, n
衷情, p
駐車違反, n
著作権違反, n
著作権侵害, n
著作権侵害行為, n
著名, p
著名人, p
貯金, p
貯蓄, e
丁重, p
丁寧, p
丁寧さ, p
凋落, n
寵愛, p
帳消し, p
帳消し, p
弔い, n
弔意, e
弔慰, e
弔事, e
弔辞, e
張り, p
張り合い, p
張り紙, e
張り手, e
張力, e
徴収, n
徴用, n
懲らしめ, n
懲戒, n
懲戒処分, n
懲罰, n
懲役, n
挑戦, e
朝, e
朝恩, p
朝寒, e
朝鮮, e
朝鮮戦争, n
朝敵, e
朝令暮改, n
朝礼, e
潮流, e
町おこし, e
眺望, e
聴き手, p
聴覚, e
聴覚障害, n
聴許, e
聴視覚, e
聴衆, e
聴力, p
聴力障害, n
腸カタル, n
腸チフス, n
腸炎, n
腸捻転症, n
腸閉塞, n
調, e
調音, e
調査結果, e
調査票, e
調査方法, e
調子, e
調達, e
調停, e
調度, e
調法, p
調律師, e
調和, p
超音波, e
超過, n
超過料金, n
超克, e
超人, p
超絶, e
超能力, p
超能力者, e
長, p
長期化, e
長期計画, e
長期欠席, n
長期投資, e
長期入院, n
長欠, n
長持ち, p
長時間, e
長時間労働, n
長者, p
長寿, p
長寿命化, p
長所, p
長生, p
長生き, p
長逝, n
長槍, e
長打, p
長打力, p
長嘆, n
長短, e
長男, e
長調, e
長文, e
長命, p
長旅, e
鳥たち, e
鳥インフルエンザ, n
鳥害, n
鳥肌, n
鳥目, n
勅勘, e
勅令, e
直し, e
直感, e
直観, e
直球, e
直撃, e
直撃弾, n
直情, e
直線コース, e
直線美, p
沈静, p
沈静化, e
沈滞, n
沈滞ムード, n
沈着, n
沈殿, e
沈没, n
沈黙, e
沈淪, n
沈湎, n
珍しさ, p
珍奇, n
珍事, n
珍味, n
珍妙, n
珍無類, n
珍問, n
賃下げ, n
賃金, p
賃金格差, n
賃上げ, p
賃労働, e
鎮護, e
鎮静, e
陳情, n
陳腐化, n
津波, n
墜落, n
墜落事故, n
椎間板ヘルニア, n
追いはぎ, n
追い上げ, n
追い立て, n
追っ手, n
追加, e
追加効果, p
追加点, p
追加料金, n
追及, ?p
追手, n
追突事故, n
追放, e
痛, n
痛々しさ, n
痛さ, n
痛ましさ, n
痛み, n
痛快, p
痛覚, e
痛感, n
痛苦, n
痛恨, n
痛恨事, n
痛手, n
痛心, n
痛打, n
痛嘆, n
痛罵, n
痛風, n
痛烈, n
痛哭, n
痛痒, n
通, p
通り魔, n
通貨危機, n
通過, e
通気, e
通気性, p
通勤ラッシュ, n
通行止め, n
通産, e
通商, e
通常, e
通常実施権, e
通信費, e
通達, e
通風, n
通訳, e
通話料, e
椿事, n
潰し, n
潰走, n
潰瘍, n
爪, e
吊るし上げ, n
釣り人, e
釣果, p
低め, e
低コスト, p
低コスト化, e
低域, e
低下, n
低価格, p
低価格競争, e
低血圧, n
低血圧症, n
低消費電力, p
低声, e
低速, e
低調, n
低迷, n
低迷期, n
低迷状態, n
低落, n
低利, n
低廉, e
停会, e
停学, n
停学処分, n
停止, e
停止ボタン, e
停職, n
停戦, n
停滞, n
停滞感, n
停滞期, n
停電, n
停頓, n
貞潔, p
貞淑, p
貞節, p
貞操, p
貞操帯, e
定員, e
定員割れ, n
定額料金, e
定期検診, e
定在波, e
定着, p
定番, p
定評, p
帝王切開, e
底, e
底割れ, e
底質, e
底上げ, p
底生生物, e
底辺, e
底力, p
弟子, e
弟子たち, e
抵抗, n
抵抗感, n
抵抗勢力, n
抵抗性, p
抵抗力, p
提供, p
提携関係, p
提言, e
程々, p
締まり, e
締め出し, n
締め切り, e
締め付け, n
締切り, e
訂正, e
訂正箇所, n
邸内, e
泥, n
泥沼, n
泥沼化, n
泥水, n
泥酔状態, n
泥棒, n
泥流, n
摘発, n
敵, n
敵意, n
敵失, p
敵性, e
敵対, n
敵対心, n
敵兵, n
敵方, e
敵味方, e
敵役, n
敵愾心, n
滴, e
的外れ, n
的確, p
的中, p
笛吹き, e
適応性, p
適応力, p
適合, p
適材, e
適材適所, p
適時打, p
適者生存, e
適職, p
適性, p
適正, p
適正化, e
適切, p
適度, p
適任, p
適否, e
適評, p
適不適, e
適法, p
適役, p
溺愛, n
溺死, n
哲学, p
哲人, e
徹底, e
徹底抗戦, e
徹底的, p
徹夜, e
撤回, e
撤廃, e
轍, n
鉄欠乏性貧血, n
鉄拳, n
鉄鋼, e
鉄条網, e
鉄槌, e
鉄砲水, n
典拠, e
典麗, p
天つ神, e
天にも昇る心地, p
天安門広場, e
天衣無縫, p
天恩, p
天下一, p
天下一品, p
天下統一, e
天気予報, e
天恵, p
天候不順, n
天皇, e
天皇杯, p
天国, p
天才, p
天災, n
天使, p
天助, p
天女, e
天真爛漫, p
天神, e
天然, e
天然温泉, p
天然痘, n
天地神明, p
天敵, n
天道, p
天罰, n
天罰てきめん, n
天魔, e
天目山, e
天野, e
天佑, p
天祐, p
天誅, n
展開, e
展性, e
店じまい, n
店づくり, e
店員, e
店舗数, e
添え, e
添加, e
添削, e
添付, e
添付・添附, e
添付ファイル, e
添附, e
転移, e
転嫁, n
転校, e
転送速度, e
転倒, n
転倒事故, n
転落, n
転落事故, n
点, e
点差, e
点数, p
伝言, e
伝承, e
伝説, e
伝染, n
伝染性, e
伝染病, n
伝線, n
伝達, e
伝統, p
伝統美, p
伝統文化, p
伝播, e
伝令, e
殿堂入り, p
田虫, n
電圧降下, e
電気ショック, n
電気代, n
電撃, n
電源スイッチ, e
電光, e
電磁波, n
電車内, e
電池切れ, n
電波, n
電波障害, n
電力, p
電力危機, n
電話代, n
吐き気, n
吐血, n
吐息, n
吐瀉物, n
塗炭, e
塗炭の苦しみ, n
塗料, e
妬心, n
徒刑, n
徒手空拳, n
徒費, n
徒労感, n
登校拒否, n
登山靴, e
登場, e
登仙, n
登頂, e
途上, n
途中下車, e
都合, e
都市化, e
都市環境, e
都市機能, p
都市計画税, e
努力, e
努力の結晶, p
努力義務, p
土気色, n
土砂, e
土砂災害, n
土砂崩れ, n
土産, p
土壌ｐＨ, e
土壌水分, e
土石流, n
土壇場, e
土地利用, e
土俵際, e
土付かず, p
土埃, e
奴, e
奴ら, e
奴等, e
怒り, n
怒りっぽさ, n
怒気, n
怒号, n
怒声, n
怒張, e
怒鳴り声, n
倒壊, n
倒閣, e
倒産, n
倒幕, e
倒木, e
冬, e
凍結, n
凍死, n
凍傷, n
凍瘡, n
唐, e
島唄, e
島流し, n
悼み, n
投げ, e
投げやり, n
投げ技, e
投下, e
投棄, n
投機, e
投球, e
投降, e
投獄, n
投資, e
投資意欲, e
投資環境, e
投資効率, p
投入, e
投票権, p
投法, e
投薬, e
搭載, e
東海地震, n
東京都, e
盗, n
盗み, n
盗み笑い, n
盗掘, n
盗作, n
盗人, n
盗賊, n
盗賊団, n
盗聴, n
盗電, n
盗難, n
盗難被害, n
盗犯, n
盗癖, n
盗塁, e
淘汰, e
湯煙, e
湯気, e
当たり, p
当たり外れ, e
当たり障り, n
当たり役, p
当てっこ, e
当て物, e
当意即妙, p
当院, e
当該権利, e
当座しのぎ, n
当選, p
当否, e
当惑, n
痘苗, e
痘瘡, n
等級, p
等速, e
答, e
答案, e
糖, e
糖尿, n
糖尿病, n
統一, e
統一感, p
統一性, p
統合化, e
統合失調症, n
統廃合, e
到達, e
到着, e
豆知識, e
豆鉄砲, e
豆腐屋, e
逃避, n
逃避行, n
逃亡, n
逃亡生活, n
透過性, e
透水性, e
透徹, e
透明感, p
透明性, p
鐙, e
陶酔, e
頭, ?p?n
頭でっかち, n
頭巾, e
頭声, e
頭痛, n
頭痛鉢巻き, n
頭脳, p
騰貴, n
騰落, n
闘気, p
闘魂, p
闘志, p
闘争, e
闘争心, e
闘争本能, e
闘病生活, n
働き, p
働きかけ, p
働き過ぎ, n
動機, e
動作速度, p
動作不良, n
動脈硬化, n
動脈硬化症, n
動脈瘤, n
動揺, n
動乱, n
動悸, n
同意, e
同一性, e
同化, e
同感, p
同居, e
同慶, p
同時多発テロ, n
同情, e
同情心, e
同心, e
同棲, e
同定, e
同点ゴール, e
同病, n
同憂, n
同様, e
同類, e
憧憬, p
撞着, p
洞察, e
洞察力, p
童心, e
童貞, n
胴間声, n
道しるべ, e
道化役, n
道楽, e
道義, p
道草, ?p?n
道徳, p
道徳性, p
道半ば, n
峠, e
得, p
得るところ, p
得意, p
得策, p
得失, e
得手, p
得手勝手, n
得点, p
得点力, p
得票, p
得物, e
得分, p
得分・徳分, p
得用, p
徳, p
徳義, p
徳性, p
徳操, p
徳分, p
徳用, p
徳用・得用, p
特異体質, e
特技, p
特急, e
特許, p
特訓, e
特恵, p
特権, p
特効, p
特攻, n
特産, e
特産品, e
特質, p
特殊, e
特殊能力, p
特選, p
特段, p
特徴, e
特定, e
特典, p
特筆, e
特別措置, e
特報, e
特命, e
特立, e
特例, e
督励, p
禿, e
篤学, p
篤志, p
毒, n
毒よけ, e
毒ガス, n
毒液, n
毒気, n
毒殺, n
毒蛇, e
毒状態, n
毒性, n
毒舌, n
毒素, n
毒電波, n
毒当たり, n
毒婦, n
毒霧, n
独り言, e
独眼竜, e
独裁, n
独裁者, n
独自性, p
独自路線, p
独善, n
独善的, n
独創性, p
独断, n
独立, p
独立国家, e
独立心, p
独立性, p
独立戦争, e
独立独歩, p
読み癖, n
読解力, p
読者, e
読書活動, e
読書感想文, e
読書時間, e
凸凹, n
突き, n
突き出し, e
突き傷, n
突き目, n
突っ張り, e
突進, e
突破, e
突厥, e
届け, e
届け出, e
届出義務, e
酉の市, e
頓挫, n
頓着, n
曇り声, n
鈍さ, n
鈍化, n
鈍感, n
鈍才, n
鈍痛, n
内, e
内ゲバ, n
内懐, e
内観, e
内気, n
内股, e
内実, e
内祝い, e
内祝言, p
内出血, n
内助, e
内政, e
内戦, n
内争, n
内臓脂肪, n
内臓疾患, n
内諾, e
内偵, e
内定, e
内部結露, n
内部構造, e
内部分裂, n
内紛, n
内務, e
内蒙古, e
内訳, e
内憂外患, n
内乱, n
内輪げんか, n
内輪もめ, n
内輪争い, n
内訌, n
薙刀, e
謎, e
南アフリカ, e
南下, e
南国ムード, e
南国気分, p
南北戦争, e
軟化, e
軟弱, n
軟調, e
難, n
難解, n
難関, n
難儀, n
難局, n
難工事, n
難攻不落, p
難航, n
難産, n
難事, n
難渋, n
難所, n
難症, n
難色, n
難船, n
難題, n
難中の難事, n
難聴, n
難敵, n
難点, n
難度, n
難破, n
難病, n
難癖, n
難民, n
難問, n
二の足, n
二ヶ月, e
二元論, e
二時間, e
二次感染, n
二次災害, n
二次障害, n
二次被害, n
二者択一, e
二種類, e
二十年, e
二十分, e
二心, n
二進一退, e
二択, e
二度寝, e
二日, e
二日酔い, n
二年半, e
二枚舌, n
二枚目, p
二律背反, n
二流, n
賑やか, p
賑やかさ, p
賑わい, p
肉感, p
肉眼, e
肉腫, n
肉食妻帯, n
肉体美, p
肉体労働, e
肉弾, e
肉弾戦, n
肉片, e
肉欲, n
日の下開山, e
日の目, e
日刊, e
日系企業, e
日光浴, p
日差し, p
日射病, n
日焼け, e
日照り, e
日照不足, n
日常性, e
日常茶飯, e
日進月歩, e
日数, e
日清戦争, n
日中戦争, n
日報, e
日本一, p
日本語対応, e
日本脳炎, n
日曜大工, e
日用品, e
日露戦争, e
乳がん, n
乳ガン, n
乳飲み子, e
乳液, e
乳癌, n
乳酸, e
乳酸菌, e
乳腺炎, n
乳房, e
乳房炎, n
乳幼児, e
入り用, p
入れ歯, e
入れ替え, e
入れ墨, e
入金, e
入試, e
入寂, n
入手, e
入植, e
入定, n
入湯税, e
入念, p
入滅, n
入門者, e
入用, e
入力ミス, n
尿, e
尿意, e
尿失禁, n
尿毒症, n
尿路結石, n
妊娠中毒症, n
妊婦さん, e
忍, n
忍び笑い, n
忍耐, e
忍耐力, p
認可, p
認許, e
認識, p
認識不足, n
認証, p
認知, e
認定, p
認容, e
濡れ, e
濡れ衣, n
猫かわいがり, p
猫なで声, n
猫背, n
熱, e
熱さ, e
熱愛, p
熱意, p
熱感, n
熱気, p
熱血, p
熱源, e
熱賛, p
熱射病, n
熱傷, n
熱情, e
熱心, p
熱戦, p
熱線, e
熱中, e
熱中症, n
熱病, n
熱風, e
熱弁, e
熱暴走, n
熱量, p
熱燗, e
年賀, p
年季, p
年金, p
年収, p
年上, e
年報, e
年令, e
年齢差, e
年齢制限, e
念, e
念願, e
念入り, p
捻挫, n
燃焼, ?e
燃費, e
粘り, p
粘り強さ, p
粘液質, n
粘性, e
粘着, n
粘着性, e
悩ましさ, n
悩み, n
濃い口, e
濃厚, ?p?n
濃彩, p
濃霧, n
濃緑色, e
納税義務, e
納得, e
納入, e
能, p
能力, p
能力差, e
脳こうそく, n
脳しんとう, n
脳溢血, n
脳炎, n
脳血管障害, n
脳血栓, n
脳梗塞, n
脳硬塞, n
脳挫傷, n
脳塞栓, n
脳死, n
脳腫瘍, n
脳充血, n
脳出血, n
脳症, n
脳障害, n
脳震盪, n
脳脊髄膜炎, n
脳卒中, n
脳内出血, n
脳軟化症, n
脳波, e
脳病, n
脳貧血, n
膿, n
膿腫, n
膿疱, n
膿瘍, n
農水, e
農政, e
農林, e
覗き, n
把握, e
覇気, p
波しぶき, e
波風, n
波瀾, n
派手さ, e
破たん, n
破れ, n
破れかぶれ, n
破壊, n
破壊力, p
破戒, n
破顔一笑, p
破産, n
破傷風, n
破損, n
破綻, n
破断, n
破談, n
破調, n
破天荒, n
破片, n
破滅, n
破門, n
破約, n
破裂, n
破裂音, e
婆心, e
罵声, n
罵倒, n
罵詈, n
罵詈雑言, n
罵詈讒謗, n
馬群, e
馬鹿, n
馬鹿馬鹿しさ, n
馬首, e
馬賊, n
馬蹄形, e
馬力, p
俳優, p
廃り, n
廃液, n
廃刊, e
廃棄, e
廃棄物, n
廃業, n
廃校, n
廃材, e
廃止, n
廃疾, n
廃車, n
廃人, n
廃絶, n
廃退, n
廃部, n
廃物, n
廃油, e
廃墟, e
拝謝, e
排ガス, e
排外主義, n
排気ガス, n
排出, e
排水, n
排斥, n
排他性, n
排尿障害, n
排泄, e
排泄物, n
敗局, n
敗血症, n
敗残, n
敗者, n
敗績, n
敗戦, n
敗訴, n
敗走, n
敗退, n
敗報, n
敗北, n
敗北感, n
背筋力, p
背広, e
背信, n
背水の陣, e
背痛, n
背徳, n
背日性, e
背負い投げ, n
背約, n
肺がん, n
肺ガン, n
肺炎, n
肺癌, n
肺気腫, n
肺結核, n
肺浸潤, n
肺水腫, n
肺病, n
輩, e
輩出, e
配給, e
配偶者, e
配偶者特別控除, p
配色, e
配当, p
配流, n
配慮, e
倍音, e
倍速, p
倍率, e
梅雨, e
梅雨寒, e
梅園, e
梅毒, n
煤, e
煤煙, n
買い気, e
買い手市場, e
買春, n
買物, e
売り気, e
売り込み, e
売り子, e
売り手市場, e
売り上げ, p
売り切れ, n
売れ行き, p
売れ残り, n
売春, n
売笑, n
売上, p
売上げ, p
賠償, n
蝿, e
剥離, n
博愛, p
博雅, p
博学, p
博士, e
博士論文, e
博識, p
博聞, p
博覧, e
博覧強記, p
拍手, p
拍手喝采, p
白さ, e
白そこひ, n
白なまず, n
白煙, n
白血病, n
白砂青松, p
白紙撤回, e
白色, e
白人, e
白刃, e
白濁, a
白濁, e
白痴, n
白兎, e
白内障, n
白斑, e
白粉, e
白味, e
薄さ, n
薄ら笑い, n
薄口, e
薄幸, n
薄志, e
薄弱, n
薄笑い, n
薄情, n
薄着, e
薄氷を踏む思い, n
薄味, e
薄命, n
薄毛, n
迫害, n
迫真, p
迫力, p
迫力満点, p
爆撃, n
爆笑, e
爆弾, n
爆弾テロ, n
爆発, n
爆発事故, n
爆風, n
爆裂, n
縛り, e
麦粒腫, n
肌あれ, n
肌トラブル, n
肌荒れ, n
八岐大蛇, e
八景, p
八幡, p
八方ふさがり, n
八方手, e
八方破れ, n
発意, e
発育, e
発火, n
発芽, e
発覚, n
発刊, e
発汗, e
発揮, p
発給, e
発禁, e
発券, e
発見, e
発言力, p
発効, e
発行, e
発作, n
発散, e
発症, n
発色, e
発信音, e
発信元, e
発振周波数, e
発疹, n
発生, n
発生件数, e
発生源, e
発声練習, e
発想, e
発想力, p
発達, p
発注, e
発展, p
発展性, p
発熱, n
発表資料, e
発病, n
発明, e
発問, e
発令, e
発兌, e
発疱, e
罰, n
罰金, n
罰金刑, n
罰則, e
罰当たり, n
抜かり, n
抜き, e
抜け毛, n
抜群, p
伴侶, e
判じ物, e
判断ミス, n
判断能力, p
判断力, p
判定, e
判明, e
判例, e
半壊, n
半休, e
半月, e
半作, e
半殺し, n
半死, n
半死半生, n
半信半疑, n
半睡, e
半袖, e
半端, n
半年以上, e
半年近く, e
半病人, n
反ユダヤ主義, e
反応, e
反感, n
反逆, n
反響, e
反抗, n
反攻, e
反骨, p
反作用, e
反射, e
反省, e
反省点, n
反証, e
反戦, e
反戦運動, e
反戦平和, p
反則, n
反体制, n
反対, n
反対意見, e
反対運動, n
反対派, e
反吐, n
反騰, n
反動, e
反発, n
反発力, e
反米, e
反米感情, n
反目, n
反落, n
反乱, n
反論, n
叛乱, n
斑点, e
板の間稼ぎ, n
板挟み, n
氾濫, n
汎愛, p
汎用ドメイン, e
汎用性, p
版行, e
犯行, n
犯罪, n
犯罪行為, n
犯罪者, n
犯罪性, n
犯人, n
犯人逮捕, e
繁栄, p
繁華, p
繁簡, e
繁盛, p
般若, n
販売, e
販売競争, e
販売中止, n
販路, p
販路拡大, e
範疇, e
煩い, n
煩わしさ, n
煩雑, n
煩多, n
煩悩, n
煩悶, n
煩瑣, n
晩成, p
晩節, e
晩飯, e
蛮行, n
蛮声, n
匪賊, n
卑怯, n
卑屈, n
卑見, n
否, n
否定, e
否認, e
庇護, e
彼女たち, e
彼女達, e
悲しさ, n
悲しみ, n
悲哀, n
悲運, n
悲観, n
悲観論, n
悲喜, e
悲劇, n
悲惨, n
悲惨さ, n
悲愁, n
悲傷, n
悲壮感, n
悲嘆, n
悲痛, n
悲報, n
悲鳴, n
悲恋, e
悲愴感, n
扉, e
批准, e
批正, e
批判, n
批判精神, p
披露, e
比高, e
比翼連理, p
疲れ, n
疲れ目, n
疲弊, n
疲労, n
疲労感, n
疲労困憊, n
疲労度, n
疲憊, n
皮疹, n
皮肉, n
皮膚がん, n
皮膚炎, n
皮膚感覚, e
皮膚疾患, n
皮膚病, n
皮癬, n
秘密保持, e
秘密保持義務, e
肥大, n
肥満, n
肥料, e
被害, n
被害拡大, n
被害者, n
被害者意識, n
被害妄想, n
被虐, n
被災, n
被災者, e
被災地, n
被写界深度, p
被弾, n
被曝, n
被爆, n
被爆者, n
誹謗, n
誹謗中傷, n
費消, e
費用, n
避退, e
避難, n
非, n
非の打ちどころ, n
非運, n
非行, n
非合理, n
非常, n
非常事態, n
非常識, n
非情, n
非人, n
非人間的, n
非人情, n
非接触, e
非対称性, e
非道, n
非難, n
非能率, n
非暴力, e
非凡, p
非力, n
非礼, n
飛蚊症, n
飛距離, p
飛行機, p
飛散, n
飛鳥, e
飛報, e
飛躍, e
飛来, e
備え, p
備蓄, e
微意, e
微苦笑, e
微罪, n
微笑, e
微笑み, p
微衷, e
微熱, n
微妙, e
微力, e
眉目秀麗, p
美, p
美しさ, p
美化, e
美果, p
美学, p
美観, p
美形, p
美景, p
美質, p
美醜, e
美術家, e
美女, p
美少女, p
美少年, p
美丈夫, p
美食, p
美神, e
美人, p
美声, p
美男, p
美男子, p
美男美女, p
美的感覚, p
美点, p
美徳, p
美肌, p
美貌, p
美味, p
美味しさ, p
美妙, p
美名, p
美麗, p
鼻っぱし, e
鼻クソ, e
鼻炎, n
鼻詰まり, n
鼻血, n
鼻呼吸, e
鼻水, n
鼻声, n
鼻息, n
鼻風邪, n
必携, e
必見, e
必殺, e
必至, e
必需, e
必勝, e
必須, e
必然性, e
必備, p
必用, e
必要, e
必要性, ?p?n
筆まめ, p
筆圧, e
筆意, e
筆禍, n
筆不精, n
筆癖, e
筆力, e
逼塞, n
逼迫, n
百も承知, e
百済, e
百人力, p
百戦百勝, p
百日ぜき, n
謬見, n
標準偏差, e
氷, e
氷河期, n
氷水, e
漂流, n
票数, e
表敬, p
表現能力, p
表現力, p
表示方法, n
表彰, p
表情, p
表徳, p
表面張力, e
表裏, e
評, e
評価, e
評価方法, e
評点, p
評判, p
病, n
病い, n
病み付き, e
病院, n
病院内, e
病臥, n
病害虫, n
病気, n
病気そのもの, n
病気欠席, n
病気等, n
病菌, n
病苦, n
病欠, n
病原菌, n
病原性, e
病原体, n
病妻, n
病児, n
病室, e
病者, n
病弱, n
病床, n
病状, n
病身, n
病人, n
病巣, n
病態, e
病夫, n
病婦, n
病癖, n
病変, n
病魔, n
病理, n
品, p
品位, p
品格, p
品質, p
品種, e
品性, p
品切れ, n
品薄, n
品不足, n
品柄, e
品目, e
瀕死, n
貧, n
貧しさ, n
貧窮, n
貧苦, n
貧血, n
貧困, n
貧者, n
貧弱, n
貧打, n
貧富, e
貧乏, n
貧乏くじ, n
貧乏神, n
貧乏性, n
貧乏生活, n
貧賤, n
頻尿, n
敏感, ?p?n
敏感肌, e
敏捷, p
敏捷性, p
敏速, p
敏腕, p
不安, n
不安感, n
不安定, n
不安定さ, n
不案内, n
不一致, n
不運, n
不可, n
不可欠, p
不可能, n
不快, n
不快さ, n
不快感, n
不拡大, e
不確か, n
不確かさ, n
不確実, n
不確定, n
不確定要素, n
不覚, n
不完全, n
不完全燃焼, n
不感症, n
不慣れ, n
不器用, n
不器量, n
不機嫌, n
不気味, n
不気味さ, n
不規則, n
不規律, n
不軌, n
不義, n
不義理, n
不吉, n
不急, n
不漁, n
不協和音, n
不況, n
不興, n
不均衡, n
不倶戴天, n
不倶戴天の敵, n
不具合, n
不遇, n
不屈, p
不敬, n
不景気, n
不経済, n
不潔, n
不健康, n
不健全, n
不公平, n
不公平感, n
不向き, n
不幸, n
不幸せ, n
不幸中の幸い, p
不行き届き, n
不行状, n
不行跡, n
不合格, n
不合理, n
不細工, n
不在, n
不作, n
不参, n
不参加, n
不賛成, n
不始末, n
不思議さ, e
不死, p
不死身, p
不時着, e
不治の病, n
不自然, n
不自然さ, n
不自由, n
不自由さ, n
不実, n
不手際, n
不十分, n
不十分さ, n
不祝儀, n
不出来, n
不純, n
不順, n
不所存, n
不祥, n
不祥事, n
不条理, n
不浄, n
不信, n
不信感, n
不信任, n
不審, n
不審者, n
不心得, n
不振, n
不親切, n
不身持ち, n
不人気, n
不人情, n
不随, e
不随意運動, e
不成功, n
不整合, n
不整脈, n
不正, n
不正アクセス, n
不正確, n
不正行為, n
不正使用, n
不正利用, n
不精, n
不精・無精, n
不摂生, n
不戦勝, p
不全, n
不測, e
不足, n
不足分, n
不仲, n
不注意, n
不調, n
不調法, n
不調法・無調法, n
不釣り合い, n
不貞, n
不定芽, e
不定愁訴, n
不敵, n
不適格, n
不適任, n
不渡り, n
不登校, e
不都合, n
不当, n
不当労働行為, n
不透明さ, n
不動, p
不同沈下, n
不道徳, n
不得意, n
不得手, n
不徳, n
不徳義, n
不届き, n
不妊, n
不妊症, n
不熱心, n
不燃性, e
不能, n
不敗, p
不備, n
不美人, n
不必要, n
不評, n
不評判, n
不品行, n
不風流, n
不服, n
不文, e
不平, n
不平等, n
不平不満, n
不偏, p
不便, n
不便さ, n
不勉強, n
不法, n
不法行為, n
不法行為責任, n
不法侵入, n
不法滞在, n
不法投棄, n
不満, n
不満足, n
不満点, n
不味, n
不眠, n
不眠症, n
不名誉, n
不明, e
不明確, n
不明点, n
不毛, n
不愉快, n
不溶性, e
不用, n
不用意, n
不要, n
不利, n
不利益, n
不良, n
不良債権, n
不良債権処理, n
不良在庫, n
不倫, n
不老, p
不老長寿, p
不老不死, p
不和, n
不埒, n
不愍, n
不憫, n
不憫・不愍, n
不逞, n
付かぬ事, n
付き, e
付き合い, p
付け, n
付け景気, n
付加, e
付加・附加, e
付近, e
夫婦げんか, n
夫婦喧嘩, n
婦女暴行, n
婦人病, n
婦徳, p
富, p
富強, p
富国, p
富国強兵, p
富力, p
布教, e
布施, p
布陣, e
怖さ, n
怖気, n
扶助, e
扶養義務, e
敷居, e
斧正, e
普及, p
普及拡大, e
普及促進, e
普通, e
普遍性, p
浮かぶ瀬, e
浮き, e
浮き名, n
浮気, n
浮腫, n
浮力, e
父親, e
父母, e
腐臭, n
腐食, n
腐敗, n
負, n
負け, n
負けじ魂, p
負けん気, p
負け越し, n
負け犬, n
負け戦, n
負圧, n
負荷, n
負債, n
負傷, n
負傷者, n
負担, n
負担軽減, e
負担増, n
附加, e
武, p
武運, p
武士道, e
武神, e
武蔵, e
武道, e
武名, p
武勇, p
武勇伝, p
武力, p
部員数, e
部外者, n
部材, p
部品, n
部落差別, n
封, e
封鎖, e
封殺, p
風雨, e
風雲児, p
風格, p
風景, e
風光明媚, p
風合い, p
風災, n
風邪, n
風邪引き, n
風邪気, n
風邪気味, n
風邪声, n
風樹の嘆, n
風情, p
風疹, n
風神, e
風水害, n
風雪, e
風潮, n
風評, p
風評被害, n
風変わり, e
風味, p
風流, p
風流韻事, p
風呂場, e
伏字, e
副作用, n
副収入, e
副賞, p
副反応, e
副鼻腔炎, n
復活, p
復刊, e
復帰, p
復興, e
復権, p
復元, e
復原力, p
復刻, e
復習, p
復調, p
服役, n
福, p
福の神, p
福運, p
福音, e
福祉, p
福祉サービス, p
福沢諭吉, e
福徳, p
福利, e
腹具合, e
腹式呼吸, e
腹水, n
腹積もり, e
腹痛, n
腹膜炎, n
腹立たしさ, n
複雑, e
複雑性, n
複雑多岐, n
複製権, p
覆面, n
淵, e
仏, e
仏さま, e
仏心, p
仏道, e
仏罰, n
仏法, e
仏滅, e
仏様, e
物, e
物おじ, n
物の哀れ, e
物もらい, n
物忌, n
物件費, e
物言い, e
物故, n
物思い, e
物資, e
物質, e
物寂しさ, n
物取り, n
物柔らか, p
物色, e
物静か, p
物騒, n
物足りなさ, n
物知らず, n
物悲しさ, n
物忘れ, n
物憂さ, n
物欲, e
物理的, e
物力, e
分け前, p
分煙, e
分化, e
分外, e
分散投資, e
分数, e
分析, e
分析力, p
分損, n
分担, e
分泌, e
分明, p
分力, e
分裂, e
分裂症, n
分裂病, n
噴火, n
噴火口, n
噴出, e
噴飯, n
噴飯物, n
憤慨, n
憤懣, n
焚書, n
奮起, e
奮迅, p
奮戦, e
奮闘, e
奮励, p
粉, e
粉塵, e
糞, n
糞スレ, n
糞尿, n
糞便, n
紛れ, e
紛糾, n
紛失, n
紛擾, n
紛争, n
雰囲気, p
文, e
文なし, n
文化, p
文化人, p
文句, n
文句なし, p
文言, e
文字コード, n
文字化け, n
文殊の知恵, p
文書等, e
文章力, p
文人, p
文通, e
文武両道, p
文部, e
文名, p
文面, e
聞き巧者, p
聞き上手, p
併殺, n
兵力, e
平安, p
平易, p
平穏, p
平気, p
平衡, e
平衡感覚, e
平作, e
平謝り, n
平手, n
平手打ち, n
平常心, e
平静, p
平静さ, p
平等, p
平等主義, e
平等性, p
平凡, n
平明, p
平和, p
平和主義, p
平和的解決, p
弊害, n
閉館, n
閉業, n
閉口, n
閉校, n
閉鎖, n
閉鎖性, n
閉塞, n
閉塞感, n
閉塞状況, n
閉山, n
閉止, e
閉庁, e
閉店, n
米, e
米軍基地, e
米国, e
僻, n
僻見, n
壁, n
癖, n
別れ, n
別居, n
別行動, e
別世界, e
別段, p
別離, n
別料金, e
偏り, n
偏愛, e
偏見, n
偏向, n
偏差, n
偏差値, p
偏執, n
偏執狂, n
偏執病, n
偏食, n
偏頭痛, n
変, n
変わり者, n
変異, n
変化球, e
変更, e
変更箇所, e
変更等, e
変死, n
変事, n
変質, n
変色, n
変人, n
変性, e
変成, e
変態, n
変態性欲, n
変調, n
変動, n
変貌, ?p?n
変約, n
片栗粉, e
片恨み, n
片思い, e
片手間, n
片田舎, n
片頭痛, n
片頭痛・偏頭痛, n
片恋, e
編み物, e
編集者, e
編入, e
編物, e
辺境, n
返し技, e
返す返す, e
返り咲き, p
返り討ち, e
返還, p
返金, p
返済, p
返事, p
返信, p
返答, e
便, p
便り, e
便宜, p
便所, e
便乗, e
便秘, n
便便, n
便利, p
便利さ, p
勉強時間, p
勉強不足, n
勉励, e
弁解, n
弁慶の泣きどころ, e
弁護, e
弁償, ?p?n
弁舌, e
弁膜症, n
鞭撻, e
保安, e
保育, e
保温, p
保温性, p
保菌者, n
保険料, e
保険料収入, e
保護, p
保持, p
保湿, e
保湿効果, p
保湿性, e
保守, e
保証, p
保証付き, p
保障, e
保障額, e
保水力, p
保全, e
保存, e
保存活用, e
保存性, p
保養, e
捕球, e
捕虜収容所, n
歩き方, e
歩み, p
歩行者, e
歩調, e
補給, p
補強, e
補佐, e
補修, e
補充, p
補助, e
補償, e
補正, e
補訂, e
補填, p
補弼, e
募金, e
募集期間, e
墓, n
墓参, e
墓場, e
墓地, n
母音, e
母集団, e
母性愛, p
菩薩, e
菩提心, p
包囲, n
包囲網, e
包茎, n
包容力, p
呆れ顔, e
呆気, n
呆然, n
報い, e
報告数, e
報酬, p
報奨, e
報奨金, p
報道陣, e
報道被害, n
報復, n
報復攻撃, n
奉加, p
奉仕, e
奉祝, p
宝石, p
宝刀, p
宝物, p
峰打ち, n
崩れ, n
崩壊, n
崩御, n
崩落, n
抱腹絶倒, e
放逸, n
放下, e
放火魔, n
放棄, e
放射線, n
放射線障害, n
放射能, n
放射能汚染, n
放射能漏れ, n
放縦, n
放出, n
放水, e
放線菌, e
放送禁止, n
放置, n
放蕩, n
放熱, e
放念, e
放漫, n
放浪, n
放恣, n
方位, e
方形, e
方向音痴, n
方策, e
方法, p
法悦, p
法規制, e
法整備, e
法曹, p
法的根拠, p
法的責任, e
法典, p
法難, n
法務, e
法律違反, n
法律問題, e
法力, p
泡, e
砲撃, e
砲弾, n
胞子, e
芳志, p
芳醇, p
芳情, p
蜂, n
訪問, e
訪問看護, e
訪問者, e
豊か, p
豊かさ, p
豊艶, p
豊漁, p
豊凶, e
豊作, p
豊穣, p
豊年, p
豊年満作, p
豊富, p
豊麗, p
豊饒, p
飽き, n
飽き性, n
飽き飽き, n
飽食, e
飽満, p
鳳凰, e
乏しさ, n
亡骸, n
亡魂, n
亡失, n
亡者, e
亡羊の嘆, n
亡霊, n
傍若無人, n
剖検, e
坊主, e
妨げ, n
妨害, n
忘れ, n
忘れ物, n
忘失, n
忙しさ, e
暴圧, n
暴漢, n
暴虐, n
暴挙, n
暴君, n
暴言, n
暴行, n
暴行事件, n
暴状, n
暴走, n
暴走行為, n
暴走族, n
暴徒, n
暴投, n
暴騰, n
暴動, n
暴発, n
暴評, n
暴風, n
暴風雨, e
暴落, n
暴力, n
暴力行為, n
暴力沙汰, n
暴力事件, n
暴力性, n
暴力団, n
暴露, n
暴論, n
望み, p
望洋の嘆, n
棒下げ, n
棒球, e
棒上げ, n
冒険, e
冒険心, p
膨満, n
謀反, n
貿易収支, e
貿易赤字, n
貿易摩擦, n
防衛, e
防疫, e
防火, e
防寒, e
防空頭巾, e
防御, e
防御力, p
防災, e
防災訓練, e
防止, p
防除, e
防食, e
防水, e
防水性, p
防毒, e
防犯, e
防腐, e
北京語, e
北朝鮮, e
北魏, e
墨, e
墨守, e
撲滅, e
朴訥, p
牧神, e
牧羊神, e
勃起, e
勃興, p
没, n
没我, e
没落, n
奔走, e
奔騰, n
奔放, e
本格, p
本格焼酎, e
本気, p
本規約, e
本質, e
本然, p
本尊, p
本調子, p
本土決戦, e
本当, p
本能, e
本病, n
本物, p
本分, p
本編, e
本名, e
本命, e
本来, e
本塁打, p
凡ミス, n
凡作, n
凡手, e
凡戦, n
凡打, n
凡退, n
摩擦, e
摩耗, e
磨耗, n
魔, n
魔王, e
魔球, e
魔手, n
魔女, e
魔女狩り, n
魔神, n
魔人, n
魔性, n
魔族, n
魔道, e
魔物, n
魔羅, n
魔力, e
麻疹, n
麻薬, n
麻痺, n
埋め立て, e
埋蔵金, e
埋蔵文化財, e
毎日更新, e
末期, n
末期ガン, n
末期癌, n
末期症状, n
末広がり, p
万が一, e
万引, n
万引き, n
万死, n
万謝, p
万全, p
万難, n
万能, p
万病, n
万福, p
万万歳, p
慢性, n
慢性肝炎, n
慢性関節リウマチ, n
慢性疾患, n
慢性病, n
満員, e
満悦, p
満開, p
満喫, p
満載, p
満作, p
満室, n
満車, e
満州, e
満州事変, n
満身創痍, n
満席, ?p?n
満足, p
満足感, p
満足度, p
満点, p
満杯, e
満腹, p
満腹感, p
満満, e
満塁, p
漫画家, e
漫然, n
漫罵, n
蔓延, n
味, p
味わい, p
味覚, p
味見, e
味方, p
味方・身方, p
未刊, e
未完成, n
未熟, n
未熟さ, n
未熟者, n
未曾有, e
未納, n
未病, n
未来, p
未練, n
魅, p
魅了, p
魅力, p
密命, e
脈, e
妙, e
妙案, p
妙技, p
妙手, p
民間企業, e
民主, e
民主化, p
民主主義, e
民族差別, n
民力, e
眠さ, n
眠たさ, n
眠り, p
眠気, n
夢, e
夢中, e
夢中遊行症, n
夢魔, n
夢遊病, n
夢寐, p
無愛想, n
無意味, n
無一物, n
無一文, n
無益, n
無遠慮, n
無音部分, e
無我, e
無害, p
無学, n
無関心, e
無機質, n
無気力, n
無軌道, n
無休, n
無限, e
無限ループ, n
無呼吸, n
無呼吸症候群, n
無効, n
無口, e
無垢, p
無彩色, n
無策, n
無雑作, n
無惨, n
無産, n
無残, n
無残・無惨, n
無私, e
無視, n
無事, p
無事故, p
無慈悲, n
無識, e
無実, e
無邪気, p
無傷, p
無償, e
無情, n
無条件, e
無心, p
無神経, n
無人島, e
無精, n
無声, e
無責任, n
無節操, n
無銭, n
無造作, n
無造作・無雑作, n
無駄, n
無駄遣い, n
無駄使い, n
無断, n
無断リンク, n
無断使用, n
無知, n
無秩序, n
無茶, n
無茶苦茶, n
無調法, n
無痛, e
無敵, p
無添加, e
無難, e
無念, n
無念さ, n
無念無想, n
無能, n
無能力, n
無農薬, e
無敗, p
無筆, n
無病息災, p
無風流, n
無風流・不風流, n
無法, n
無謀, n
無防備, n
無名, n
無明, n
無目的, n
無様, n
無用, n
無頼, e
無理, n
無理難題, n
無料, p
無料化, e
無力, n
無力さ, n
無力感, n
無礼, n
矛盾, n
矛盾点, n
霧, n
冥加, p
冥福, n
冥利, p
名, p
名うて, p
名セリフ, p
名案, p
名医, p
名演, p
名家, p
名花, p
名曲, p
名言, p
名工, p
名作, p
名残, n
名残り, n
名手, p
名所, p
名勝, p
名勝負, p
名匠, p
名乗り, p
名場面, p
名人, p
名声, p
名前, e
名代, p
名台詞, p
名店, p
名馬, p
名品, p
名物, p
名聞, p
名門, p
名誉, p
名誉毀損, n
名利, p
名流, p
命, p
命がけ, p
命取り, n
命拾い, e
命終, n
命脈, p
命冥加, p
明らか, e
明るさ, p
明暗, e
明解, p
明快, p
明確, p
明確化, e
明記, e
明鏡止水, p
明治維新, e
明示, e
明神, e
明日, p
明白, e
明明白白, p
明瞭, p
明瞭度, p
明朗, p
明媚, p
明晰, p
迷い, n
迷子, n
迷信, n
迷走, n
迷路, e
迷惑, n
迷惑メール, n
迷惑行為, n
迷惑電話, n
銘, p
鳴き, e
鳴り, e
鳴子, e
滅菌, e
滅私, e
滅失, n
滅亡, n
免疫, p
免疫応答, e
免疫機能, p
免疫不全, n
免疫力, p
免許, e
免許皆伝, p
免除, e
免税, e
面々, e
面影, e
面汚し, n
面子, e
面倒, n
面罵, n
面白さ, p
面白み, p
面白味, p
面目, p
面疔, n
模倣, e
模様, e
模様替え, e
妄執, n
妄信, n
妄想, n
妄念, n
妄評, n
毛玉, e
毛嫌い, n
毛虫, n
毛筆, e
毛並み, e
猛スピード, e
猛威, n
猛火, n
猛禽, e
猛攻, e
猛暑, n
猛打, e
猛追, e
猛爆, e
猛反撃, e
猛反対, e
猛反発, e
盲腸, n
盲腸炎, n
盲点, n
盲目, n
網タイツ, e
網膜症, n
網膜剥離, n
蒙古, e
蒙昧, n
木くず, n
木陰, e
木精, e
木造, e
木霊, e
黙許, e
黙諾, e
黙認, e
目, e
目くじら, n
目くらまし, n
目つき, e
目の上のこぶ, n
目の上のこぶ／のたんこぶ, n
目の上のたんこぶ, n
目の敵, n
目やに, n
目隠し, n
目覚まし, e
目詰まり, n
目視, e
目処, e
目障り, n
目新しさ, e
目切れ, n
目端, e
目潰し, n
目的, e
目的意識, p
目的達成, p
目的物, e
目途, p
目標, p
目標達成, p
目腐れ, n
目利き, p
目眩, n
尤物, p
籾, e
問, e
問い合わせ, e
問責, n
問題, n
問題意識, p
問題解決, p
問題解決能力, p
問題行動, n
問題点, n
問答, e
悶絶, n
悶着, n
紋章, e
門違い, n
門出, e
門前払い, n
夜寒, e
夜泣き, n
夜行性, e
夜叉, n
夜襲, n
夜盗, n
夜働き, e
夜尿症, n
夜這い, n
夜盲症, n
夜遊び, n
爺さん, e
野球, e
野犬, n
野菜不足, n
野次, n
野次馬, n
野心, e
野性味, p
野生, e
野選, e
野鳥, e
野盗, n
野蛮, n
野放図, n
野望, e
厄, n
厄介, n
厄難, n
役者が一枚上, p
役不足, n
役務, e
約１０年, e
約１ヶ月, e
約１年, e
約２０年, e
約２年, e
約３週間, e
約３年, e
約５年, e
約一ヶ月, e
約諾, e
約半年, e
薬, e
薬禍, n
薬害エイズ, n
薬効, p
薬師如来, p
躍進, p
躍動感, p
愉悦, p
愉快, p
油圧, e
油汚れ, n
油断, e
油膜, n
癒着, n
輸送量, e
優, p
優しさ, p
優位, p
優位性, p
優越, p
優越感, p
優雅, p
優雅さ, p
優遇, e
優遇措置, p
優秀, p
優秀賞, p
優柔不断, n
優勝, p
優勝者, p
優勢, p
優性, e
優先, e
優待, e
優男, n
優等, p
優美, p
優美さ, p
勇, p
勇み足, n
勇敢, p
勇気, p
勇健, p
勇者, p
勇戦, p
勇退, p
勇名, p
勇猛, p
勇躍, p
友愛, p
友誼, p
友好, p
友好関係, p
友好親善, p
友情, p
友人, p
友達, p
友達付き合い, e
宥和, e
幽遠, p
幽鬼, e
幽魂, e
幽寂, p
幽愁, n
幽霊, e
幽邃, p
悠悠自適, p
憂, n
憂い・憂え, n
憂え, n
憂えなし, p
憂き目, n
憂さ, n
憂患, n
憂苦, n
憂国, n
憂愁, n
憂悶, n
憂慮, n
憂鬱, n
有り難さ, p
有意義, p
有意差, e
有益, p
有休, p
有給, p
有限, e
有効, p
有効活用, n
有効性, p
有効成分, p
有効打, p
有効利用, e
有彩色, p
有事, n
有識, p
有償, n
有象無象, e
有情, p
有数, e
有毒, n
有難さ, p
有望, p
有名, p
有名どころ, p
有名無実, n
有用, p
有用性, p
有利, p
有料, n
有力, p
有力選手, p
猶予, e
猶予期間, p
裕福, p
誘い, p
誘拐, n
誘拐事件, n
誘致, e
誘爆, n
遊び, e
遊び感覚, e
遊び心, p
遊び人, n
遊惰, n
遊蕩, n
遊離, e
郵政, e
郵政民営化, e
雄, e
雄健, p
雄大, p
雄編, e
融資, e
融和, p
予後, n
予行演習, e
予算内, e
予習復習, e
予定価格, e
予備知識, e
予備費, e
予報, e
予防, p
予防散布, e
予防措置, p
予約無し, e
余, e
余り, e
余韻, e
余栄, p
余寒, n
余技, e
余慶, e
余罪, n
余情, e
余震, n
余生, e
余談, e
余地, e
余徳, p
余念, n
余波, n
余分, e
余裕, p
余殃, n
与力, e
誉れ, p
預託金, e
預貯金, p
幼児, e
幼弱, n
幼稚, n
幼虫, e
妖しさ, n
妖怪, n
妖気, n
妖女, e
妖精, e
妖美, p
妖婦, e
妖魔, e
妖力, e
容易, p
容疑, n
容赦, e
容積, e
容認, e
容量不足, n
揚力, e
揺り返し, n
揺れ, n
擁護, e
擁立, e
様子, e
様式美, p
溶岩流, n
溶連菌, e
用, e
用なし, n
用意周到, p
用語, e
用済み, n
用心, e
用水, e
用途, p
羊頭狗肉, n
羊毛, e
要, p
要なし, n
要なし・用なし, n
要介護認定, e
要求, n
要件, p
要職, p
要請行動, e
要素, e
陽, p
陽気, p
陽性, e
陽転, e
養鶏場, e
養護, e
養成, e
養生, e
養分, p
抑圧, n
抑制, e
抑揚, e
抑鬱, n
抑鬱症, n
欲, n
欲しさ, e
欲求, e
欲求不満, n
欲情, n
欲心, n
欲望, e
浴びせ倒し, e
翼賛, p
羅刹, n
裸, e
裸の王様, e
裸一貫, n
裸女, e
裸婦, e
来意, e
来援, e
来世, e
来報, e
頼み, e
頼もしさ, p
雷, n
雷雨, n
雷撃, n
雷神, e
雷名, p
落ちつき, p
落ちる, a
落ち込み, n
落ち着き, p
落ち度, n
落ち目, n
落とし穴, n
落下, n
落果, n
落球, n
落伍, n
落伍・落後, n
落後, n
落差, n
落車, n
落書き, n
落掌, e
落石, n
落雪, e
落選, n
落胆, n
落馬, n
落盤, n
落命, n
落葉, e
落雷, e
落輪, n
落魄, n
乱れ, n
乱れ打ち, e
乱開発, n
乱獲, n
乱気流, n
乱撃, n
乱行, n
乱高下, n
乱雑, n
乱視, n
乱打, e
乱調, n
乱闘, n
乱発, n
乱発・濫発, n
乱費, n
乱費・濫費, n
乱舞, e
乱文, n
乱暴, n
乱用, n
乱立, n
卵巣嚢腫, n
嵐, n
濫行, n
濫行・乱行, n
濫造, n
濫発, e
濫費, n
濫用, n
蘭, e
利, p
利運, p
利益, p
利益率, p
利回り, p
利権, p
利潤, p
利点, p
利得, p
利幅, p
利便, p
利便性, p
利用, e
利用価値, p
利用権, p
利用効率, p
利用時間, p
利用者, p
利用条件, n
利用制限, n
利用促進, e
利用頻度, p
利用目的, e
利用料, e
利用料金, e
利欲, e
理, p
理解, p
理解力, p
理屈, e
理屈抜き, p
理事, e
理性, p
理想, p
理想郷, p
理想像, e
理想論, e
理知, p
理念, p
理非, e
理不尽, n
理不尽さ, n
理由, e
裏拳, e
裏書き, e
裏声, e
裏切り, n
裏切り者, n
裏付け, e
裏門, e
里帰り, e
離縁, n
離婚, n
離散, n
離愁, e
離職, e
離職者, e
離脱, e
離脱症状, n
離党, e
離任, e
律, e
立ちくらみ, n
立ちすくみ, n
立ち往生, n
立ち技, e
立ち合い, e
立ち役, e
立て役, e
立位, e
立会人, e
立証, e
立体感, p
立派, p
立法, e
略奪, n
流し打ち, e
流れ, e
流感, n
流刑, n
流血, n
流行り病, n
流行性感冒, n
流行病, n
流罪, n
流産, n
流出, n
流動性, e
流入, e
流用, n
流謫, n
溜め息, n
溜飲, e
溜息, e
留守, e
留置権, e
留年, n
硫黄臭, e
隆昌, p
隆盛, p
竜巻, n
竜神, e
旅行, p
旅行気分, p
旅行者, e
旅愁, e
旅情, p
旅疲れ, n
旅費, e
了解, e
了承, e
両極, e
両極端, e
両成敗, e
両生類, e
両全, p
両雄, p
両立, p
料金, n
料理, e
梁上の君子, n
涼, e
涼しげ, p
涼しさ, p
涼感, p
涼風, e
療法, e
療養生活, e
良, p
良さ, p
良縁, p
良型, p
良好, p
良材, p
良作, p
良識, p
良質, p
良心, p
良性, e
良智良能, p
良能, p
良否, e
良品, p
量, p
量感, p
量刑, n
領土, e
力, p
力ずく, n
力学的, e
力関係, e
力技, e
力強さ, p
力攻め, e
力作, p
力仕事, e
力士, e
力戦, p
力添え, e
力投, e
力闘, p
力任せ, e
力不足, n
力編, p
力落とし, n
力量, p
緑, e
緑黄色野菜, e
緑化, e
緑内障, n
倫理, p
倫理観, p
林政, e
淋しさ, n
淋菌, n
臨界, n
臨界事故, n
臨機応変, e
臨終, n
臨床試験, e
臨場感, p
輪禍, n
輪廻転生, e
輪作, e
涙声, n
累犯, n
類, e
類型, e
類焼, n
類推, e
類題, e
令名, p
例題, e
冷, e
冷え, e
冷え症, n
冷え性, n
冷たさ, n
冷ややか, n
冷夏, n
冷害, n
冷覚, e
冷汗, n
冷気, e
冷血, n
冷血漢, n
冷血動物, e
冷笑, n
冷水, e
冷静, p
冷静さ, p
冷静沈着, p
冷戦, n
冷徹, p
冷罵, n
冷評, n
励まし, p
励み, p
礼, e
礼儀, p
礼賛, e
礼状, e
零点, n
零敗, p
零落, n
霊, e
霊気, e
霊験, p
霊魂, e
霊体, e
霊力, p
霊柩車, e
麗人, p
歴史, e
歴史文化, p
歴然, p
歴歴, p
列車事故, n
劣悪, n
劣化, n
劣化ウラン弾, n
劣弱, n
劣情, n
劣勢, n
劣性, n
劣等, n
劣等感, n
烈女, n
裂果, n
裂傷, n
廉価, p
恋, e
恋しさ, p
恋愛, p
恋愛感情, p
恋情, p
恋心, p
恋人, p
恋人気分, p
恋着, p
恋煩い, n
恋風, p
恋路, e
練習不足, n
連休ぼけ, n
連携協力, e
連携強化, e
連合, e
連合王国, e
連鎖倒産, n
連作, e
連勝, p
連戦連勝, p
連続攻撃, n
連続殺人事件, n
連続性, p
連続投稿, e
連打, n
連帯, e
連帯意識, p
連帯感, p
連中, e
連投, e
連覇, p
連破, e
連敗, n
連絡体制, e
路銀, e
路上生活, n
路上駐車, n
路用, e
露, n
露の命, n
露骨, n
露出度, e
露命, n
労, n
労咳, n
労苦, n
労災, n
労作, e
労働, e
労働意欲, p
労働災害, n
労働時間, e
労働争議, n
労働力, p
労働力不足, n
労務, e
労役, e
労力, e
朗笑, e
朗色, p
朗報, p
浪人, n
浪人生活, n
浪費, n
漏り, n
漏れ, n
漏洩, n
漏出, n
漏水, n
漏電, n
牢乎, p
牢乎・牢固, p
牢固, p
狼, n
狼藉, n
老け役, e
老化, e
老化現象, n
老眼, n
老朽, n
老朽化, n
老巧, e
老熟, e
老人, e
老人介護, e
老年, e
老婆心, p
老廃, n
老舗, p
老齢基礎年金, p
老練, p
老獪, p
蝋, e
六波羅蜜, p
肋間神経痛, n
肋膜炎, n
録, p
論拠, e
論旨, p
論証, e
論戦, e
論敵, e
論点, e
論理, p
論理性, p
論理的, p
論理的思考, p
論理的思考力, p
倭本族, e
倭寇, n
倭寇・和寇, n
和, p
和解, e
和姦, n
和気, p
和魂漢才, p
和室, e
和食, e
和太鼓, e
和風, e
和平, p
和寇, n
話し上手, p
話し声, e
話題, p
話題性, p
歪, n
歪み, n
歪曲, n
脇見, e
枠組, e
湾岸戦争, n
腕こき, p
腕こき・腕っこき, p
腕っこき, p
腕試し, e
腕前, e
腕利き, p
腕力, p
乖離, n
偕老同穴, p
傲慢, n
傲慢さ, n
僥倖, p
冤罪, n
几帳面, p
匈奴, e
呵責, n
呵呵大笑, p
咎, n
咆哮, n
咬傷, n
哄笑, e
哺乳類, e
喀血, n
喘息, n
喘鳴, n
嗚咽, e
嗅覚, p
嗟嘆, p
嗤笑, n
嘔吐, n
嘲笑, n
嘲罵, n
嚥下障害, n
埃, e
埓埒, n
毀損, n
毀誉褒貶, p
奸計, n
奸知, n
嬌笑, n
嬌声, n
嬌名, e
屁, n
屁理屈, n
屏息, n
幇助, e
彙報, n
彷徨, e
徘徊, e
恍惚感, p
恣意, n
恣意性, n
惻隠, e
愍然, n
慇懃, p
慇懃無礼, n
憫笑, n
憫然, n
懊悩, n
罹患, n
罹災, n
罹病, n
懶惰, n
扁桃腺, e
捏造, n
掣肘, e
掏り, n
掟, e
攪乱, n
攪拌, e
撥水性, p
擱坐, n
攘夷, e
旱魃, n
曖昧, n
曖昧さ, n
曖昧性, n
杞憂, n
枷, n
桿菌, e
梵鐘, e
檻, n
鬱, n
鬱屈, n
鬱血, n
鬱状態, n
鬱積, n
鬱病, n
鬱憤, n
殷, e
殷賑, p
氣, p
洒落, p
淪落, n
渤海, e
烙印, n
烽火, n
爬虫類, e
狎昵, e
狡知, n
猜疑, n
猩紅熱, n
瑕瑾, n
瑕疵, n
瑕疵担保責任, e
瑣事, n
瑣事・些事, n
疔, n
疝気, n
疝痛, n
疥癬, n
疼痛, n
疱疹, n
疱瘡, n
痒み, n
痒疹, n
痙攣, n
痰, n
痺れ, n
瘢痕, n
瘤, n
瘴気, n
瘴癘, n
瘰癧, n
癇, n
癇癖, n
癇癪, n
癇癪持ち, n
癪, n
癪持ち, n
癰, n
皺, e
眩暈, n
瞑目, n
矜持, p
矮小化, n
磔刑, n
礫, e
穢れ, n
箏曲家, e
糜爛, n
絆, p
絨緞爆撃, e
綺羅, p
綺麗, p
緻密, p
緻密さ, p
罠, n
罨法, p
羞恥, n
羞恥心, e
翡翠, p
肛門, e
隋, e
腑分け, e
腱鞘炎, n
膀胱炎, n
膂力, p
膠原病, n
膵炎, n
膺懲, n
艱苦, n
艱難, n
艱難辛苦, n
蕁麻疹, n
薨去, n
蘊蓄, e
蜀, e
蟄居, e
褥瘡, n
訃, n
訃音, n
訃報, n
訌争, n
訛り, n
詭弁, n
諫止, n
謗法, n
謫居, n
譴責, n
豁然, p
貪欲, n
贅, p
贅沢, e
贅肉, n
跼蹐, n
踵, e
踵落とし, n
蹉跌, e
躁, n
躁病, n
躁鬱, n
躁鬱病, n
躊躇, n
躾, e
軋轢, n
輻輳, n
辟易, n
辣腕, p
醵金, p
醵出, e
鉈, e
錚錚, n
閨怨, n
隘路, n
隕石, e
靄, e
頌徳, p
頽唐, n
頽廃, n
顰蹙, n
騙り, n
驍名, p
髀肉の嘆, n
魏, e
魑魅魍魎, n
鮑, e
鹹味, e
麒麟, e
