あがく, n
あきらめる, n
あきる, n
あきれる, n
あきれた, n
あせる, n
あなどる, n
あやしむ, n
あやぶむ, n
あやまる, n
あらそう, n
あわてる, n
いたたまれない, n
いたむ, n
いつわる, n
いらだたしい, n
いら立つ, n
うつうつ, n
うなだれる, n
うなる, n
うらむ, n
うんざり, n
おちいる, n
おぼれる, n
かさばる, n
かなわない, n
かなしむ, n
がたつく, n
がっくり, n
くさる, n
くずれる, n
くたびれる, n
くやむ, n
くるしむ, n
けだるい, n
こじらせる, n
こそばゆい, n
こたえる, n
こぼす, n
こまる, n
こりる, n
こわされる, n
さじを投げる, n
しかられ, n
しくじる, n
しょぼくれ, n
しょんぼり, n
しんみり, n
せんない, n
たおれる, n
ためらう, n
だますれる, n
だます, n
だれる, n
ちがう, n
つぶす, n
つぶれる, n
つまずく, n
つらい, n
とがめる, n
なやむ, n
ねじれる, n
のぼせる, n
はげる, n
はずかしい, n
ばつが悪い, n
ひきつる, n
ひっかかる, n
ひもじい, n
びびる, n
ふらつく, n
ぶつかる, n
ぶれる, n
ぼける, n
ぼけた, n
まごつく, n
むかっと, n
むかつく, n
むせる, n
むせ返る, n
めくられる, n
もたつく, n
もだえる, n
もつれる, n
もてあます, n
やつれる, n
やむない, n
やむをえない, n
ゆがむ, n
ゆきづまる, n
よごす, n
よごれる, n
わすれる, n
ガックリ, n
ストレスがある, n
ツライ, n
ビビる, n
ポシャる, n
阿鼻叫喚だ, n
阿鼻叫喚です, n
阿鼻叫喚と, n
阿鼻叫喚の, n
意気消沈, n
引っ掛かる, n
引っ繰り返る, n
厭う, n
怨む, n
汚される, n
汚す, n
汚れる, n
臆する, n
臆病風に吹かれる, n
苛だつ, n
苛つく, n
苛苛する, n
苛立つ, n
我慢しきれない, n
我慢する, n
我慢ならない, n
餓える, n
壊される, n
壊れる, n
怪しむ, n
悔しい, n
悔やむ, n
恰好がつかない, n
渇く, n
堪えがたい, n
堪える, n
堪え難い, n
堪忍袋の緒が切れる, n
干からびる, n
患い, n
患う, n
憾む, n
間違う, n
陥る, n
危ぶむ, n
忌みきらう, n
忌み嫌う, n
機嫌を損じる, n
機嫌を損ねる, n
気が緩む, n
気が気でない, n
気が滅入る, n
気に掛かる, n
気に障る, n
気に食わない, n
気をもむ, n
気を悪くする, n
気懸かる, n
気恥ずかしい, n
気がかりだ, n
気がかりです, n
気まずい, n
気持ちが悪い, n
気持ち悪い, n
飢える, n
偽る, n
疑う, n
詰まる, n
逆らえない, n
虚しい, n
許すことができない, n
許せない, n
恐る, n
恐れる, n
狂う, n
狂する, n
胸が騒ぐ, n
胸くそ悪い, n
胸苦しい, n
胸糞が悪い, n
胸糞悪い, n
興醒める, n
驚愕, n
業を煮やす, n
苦しい, n
苦しむ, n
苦しめられる, n
苦汁をなめる, n
苦慮, n
欠く, n
欠ける, n
血の気が引く, n
嫌う, n
嫌がる, n
肩を落とす, n
肩身が狭い, n
見そこなう, n
見失う, n
見損なう, n
見落とす, n
遣り切れない, n
戸惑う, n
枯れる, n
後ろ暗い, n
後ろめたい, n
後口が悪い, n
後味が悪い, n
誤る, n
慌てる, n
荒れる, n
行詰まる, n
行き過ぎる, n
行き詰まる, n
行き詰る, n
行詰る, n
降参, n
降伏, n
降服, n
腰が砕ける, n
骨の折れる, n
困る, n
恨む, n
根に持つ, n
混む, n
砕ける, n
錆びる, n
散らかる, n
散る, n
刺さる, n
殺される, n
死ぬ, n
持て余す, n
耳が痛い, n
自信がない, n
自制がきかない, n
自由がきかない, n
辞める, n
失う, n
失った, n
疾しい, n
寂しい, n
弱る, n
取り逃がす, n
手も足も出ない, n
手を引く, n
手間取る, n
腫れる, n
首がまわらない, n
首をひねる, n
臭う, n
縮む, n
出来そこなう, n
出来損なう, n
傷つける, n
傷む, n
傷付ける, n
嘗める, n
小首を傾ける, n
小腹を立てる, n
焦る, n
障る, n
乗り遅れる, n
情ない, n
色を失う, n
侵す, n
心外だ, n
心外です, n
心細い, n
申し訳ない, n
辛い, n
辛めだ, n
辛めです, n
辛めと, n
辛めの, n
震える, n
衰える, n
生きた心地もない, n
逝く, n
切ない, n
折られる, n
舌を巻く, n
争う, n
遭う, n
憎い, n
憎たらしい, n
損う, n
損なう, n
損ねる, n
太る, n
堕ちる, n
妥協, n
耐えられない, n
耐えがたい, n
怠る, n
退かされる, n
嘆く, n
歎く, n
断たれる, n
恥ずかしい, n
遅れを取る, n
遅れる, n
虫がおさまらない, n
懲りる, n
懲り懲りだ, n
懲り懲りです, n
懲り懲りと, n
懲り懲りの, n
頂けない, n
墜ちる, n
痛い, n
痛む, n
痛める, n
潰れる, n
諦める, n
溺れる, n
転ぶ, n
吐き出す, n
妬む, n
途方に暮れる, n
怒る, n
倒れる, n
凍える, n
悼む, n
盗まれる, n
盗む, n
当たられる, n
当てられる, n
頭があがらない, n
頭が上がらない, n
頭にくる, n
頭に来る, n
頭をかかえる, n
頭を抱える, n
曇る, n
悩む, n
馬鹿を見る, n
廃れる, n
敗ける, n
敗れる, n
背く, n
曝す, n
抜かれる, n
叛く, n
犯す, n
悲しむ, n
疲れがある, n
疲れる, n
被る, n
謬る, n
貧する, n
不満がある, n
不満はある, n
怖れる, n
怖じ気づく, n
怖気付く, n
腐る, n
負う, n
負ける, n
侮る, n
腹の虫がおさまらない, n
腹の虫の居所が悪い, n
腹立たしい, n
腹立つ, n
文句がある, n
文句はある, n
聞こえるにくい, n
閉まる, n
別れる, n
偏る, n
呆れる, n
崩される, n
崩す, n
崩れる, n
飽きる, n
亡くす, n
亡くする, n
亡びる, n
妨げる, n
忘れる, n
冒す, n
膨れる, n
謀る, n
無くす, n
迷う, n
滅びる, n
面目ない, n
面目無い, n
面目次第もない, n
蒙る, n
目の前が真っ暗になる, n
薬がきかない, n
落ち込む, n
落とされる, n
落としてしまう, n
乱れる, n
理性がきかない, n
裂ける, n
路頭に迷う, n
漏らす, n
漏れる, n
老いる, n
歪む, n
詫びる, n
咎める, n
咬まれる, n
毀す, n
毀れる, n
憑く, n
罹る, n
挾まる, n
涸れる, n
疵付ける, n
縺れる, n
茫然だ, n
茫然です, n
茫然と, n
茫然の, n
茫漠だ, n
躊躇う, n
躓く, n
轢く, n
騙す, n
あいた口がふさがるない, n
あきれるてものが言えるない, n
あくが強い, n
あくどい, n
あざとい, n
あとの祭りだ, n
あとの祭りです, n
あとの祭りと, n
あとの祭りの, n
あばずれだ, n
あばずれです, n
あばずれと, n
あばずれの, n
あほらしい, n
あやしい, n
あやふやだ, n
あやふやです, n
あらい, n
あらっぽい, n
ありきたりだ, n
ありきたりです, n
ありふれる, n
ありふれるた, n
あるがちだ, n
あるがちです, n
あわせにくい, n
あんぽんたんだ, n
あんぽんたんです, n
あんぽんたんと, n
あんぽんたんの, n
いたしかたない, n
いかがわしい, n
いかつい, n
いぎたない, n
いけ好かない, n
いけ図々しい, n
いこじだ, n
いこじです, n
いじいじ, n
いじける, n
いじましい, n
いぶかしい, n
いまいち, n
いまいましい, n
いまひとつ, n
いまわしい, n
いま一つ, n
いやがる, n
いやしい, n
いやらしい, n
いろあせる, n
いわくつき, n
いんちき, n
うじうじ, n
うす汚い, n
うとい, n
うどの大木だ, n
うどの大木です, n
うどの大木と, n
うどの大木の, n
うらめしい, n
うら寂しい, n
うら悲しい, n
えげつない, n
おこがましい, n
おしい, n
おせっかいだ, n
おせっかいです, n
おせっかいと, n
おせっかいの, n
おそい, n
おそまつだ, n
おそまつです, n
おぞましい, n
おためごかしだ, n
おためごかしです, n
おたんこなすだ, n
おたんこなすです, n
おたんこなすと, n
おたんこなすの, n
おっかない, n
おっくうだ, n
おっくうです, n
おっくうと, n
おっくうの, n
おっさんくさい, n
おっちょこちょいだ, n
おっちょこちょいです, n
おばさん臭い, n
おびやかす, n
おもはゆい, n
おんぼろだ, n
おんぼろです, n
おんぼろと, n
おんぼろの, n
お山の大将だ, n
お山の大将です, n
お山の大将と, n
お山の大将の, n
お節介だ, n
お節介です, n
お節介と, n
お節介の, n
お粗末だ, n
お粗末です, n
お粗末と, n
お粗末の, n
かっこ悪い, n
かったるい, n
かみ合わない, n
かわいいげのない, n
かん高い, n
がさつだ, n
がさつです, n
がっかり, n
がつがつ, n
がめつい, n
ききにくい, n
きちきち, n
きつい, n
きびしい, n
きゅうきゅう, n
ぎくしゃく, n
ぎこちない, n
ぎごちない, n
ぎすぎす, n
ぎちぎち, n
ぎゅうぎゅう, n
ぎょうぎょうしい, n
ぎょっと, n
くしゃくしゃ, n
くそまじめだ, n
くそまじめです, n
くだらない, n
くどい, n
ぐしゃぐしゃ, n
ぐしょぐしょだ, n
ぐしょぐしょです, n
ぐじゃぐじゃだ, n
ぐじゃぐじゃです, n
ぐずぐず, n
ぐずる, n
ぐにゃぐにゃ, n
ぐにゃぐにゃだ, n
ぐにゃぐにゃです, n
ぐらぐら, n
ぐらつく, n
けがらわしい, n
けしからんだ, n
けしからんです, n
けしからんと, n
けしからんの, n
けちけち, n
けちけちした, n
けちん坊だ, n
けちん坊です, n
けちん坊と, n
けちん坊の, n
けばけば, n
けばけばしい, n
けわしい, n
けんのんだ, n
けんのんです, n
げっそり, n
こしゃくだ, n
こしゃくです, n
こすい, n
こせこせ, n
こっぴどい, n
こっ酷い, n
こてんこてんだ, n
こてんこてんです, n
ごしゃごしゃ, n
ごちゃごちゃ, n
ごっちゃだ, n
ごっちゃです, n
ごてごて, n
ごみごみ, n
ご法度だ, n
ご法度です, n
ご法度と, n
ご法度の, n
さもしい, n
しかたない, n
しかつめらしい, n
しつこい, n
しどろだ, n
しどろです, n
しどろもどろだ, n
しどろもどろです, n
しみったれる, n
しょうがない, n
しょぼい, n
しょぼしょぼ, n
しらじらしい, n
しわくちゃだ, n
しわくちゃです, n
しわくちゃと, n
しわくちゃの, n
しわしわ, n
しんどい, n
しんねり, n
じじむさい, n
じゃじゃ馬だ, n
じゃじゃ馬です, n
じゃじゃ馬と, n
じゃじゃ馬の, n
じゃじゃ馬的だ, n
じゃじゃ馬的です, n
じゃま臭い, n
じれったい, n
すかたんだ, n
すかたんです, n
すかたんと, n
すかたんの, n
すげない, n
すじ違い, n
すたれる, n
ずうずうしい, n
ずるい, n
ずれる, n
ずんべらぼうだ, n
ずんべらぼうです, n
ずんべらぼうと, n
ずんべらぼうの, n
せこい, n
せせこましい, n
せっかちだ, n
せっかちです, n
せわしい, n
せわしない, n
そぐわない, n
そそっかしい, n
そっけない, n
そらぞらしい, n
ぞっと, n
ぞんざいだ, n
ぞんざいです, n
たけだけしい, n
たじたじ, n
たどたどしい, n
たよりない, n
だらけた, n
だぶつく, n
だらしがない, n
だらしない, n
だらし無い, n
だるい, n
ちぐはぐだ, n
ちぐはぐです, n
ちっぽけだ, n
ちっぽけです, n
ちびだ, n
ちびです, n
ちまちま, n
ちゃちい, n
ちゃちだ, n
ちゃちです, n
ちゃちと, n
ちゃちの, n
ちゃらっぽこだ, n
ちゃらっぽこです, n
ちゃらっぽこと, n
ちゃらっぽこの, n
ちんちくりんだ, n
ちんちくりんです, n
ちんちくりんと, n
ちんちくりんの, n
ちんまり, n
つかむにくい, n
つたない, n
つぶれるやすい, n
つまらない, n
つまるぬ, n
つれない, n
つんつるてんだ, n
つんつるてんです, n
つんつるてんと, n
つんつるてんの, n
できる損なう, n
でくの坊だ, n
でくの坊です, n
でくの坊と, n
でくの坊の, n
でしゃばる, n
とげのある, n
とげとげしい, n
とっつくにくい, n
とぼける, n
とらえる所のない, n
とりとめるがない, n
とろい, n
とんがる, n
とんちんかんだ, n
とんちんかんです, n
とんちんかんと, n
とんちんかんの, n
とんでもない, n
とんまだ, n
とんまです, n
とんまと, n
とんまの, n
どけちだ, n
どけちです, n
ど助平だ, n
ど助平です, n
ど助平と, n
ど助平の, n
どぎつい, n
どけちと, n
どけちの, n
どじだ, n
どじです, n
どじと, n
どじの, n
どじをふむ, n
どじを踏む, n
どす黒い, n
どっちつくぬ, n
どっち付くぬ, n
どんくさい, n
なおざりだ, n
なおざりです, n
なごりおしい, n
なじむない, n
なじむにくい, n
なまぬるい, n
なよなよ, n
なれなれしい, n
にちゃにちゃ, n
にぶい, n
にべもない, n
にべも無い, n
ねたましい, n
ねちねち, n
のらりくらり, n
のれんに腕押しだ, n
のれんに腕押しです, n
のれんに腕押しと, n
のれんに腕押しの, n
のろい, n
のろくさい, n
のろのろ, n
のろまだ, n
のろまです, n
のろまと, n
のろまの, n
はかばかしい, n
はしたない, n
はずれだ, n
はずれです, n
はずれと, n
はずれの, n
はでだ, n
はでです, n
はで好みだ, n
はで好みです, n
はで好みと, n
はで好みの, n
ばか正直だ, n
ばか正直です, n
ばか丁寧だ, n
ばか丁寧です, n
ばかくさい, n
ばっちい, n
ばらつきがある, n
ひやひや, n
ひょろひょろ, n
ひ弱い, n
びしょびしょだ, n
びしょびしょです, n
ふがいない, n
ふた目と見るられるない, n
ふつつかだ, n
ふつつかです, n
ふてぶてしい, n
ふにゃふにゃ, n
ふにゃふにゃだ, n
ふにゃふにゃです, n
ふらふら, n
ふんぞり返る, n
ぶよぶよ, n
へなちょこだ, n
へなちょこです, n
へなちょこと, n
へなちょこの, n
へいこら, n
へそ曲がりだ, n
へそ曲がりです, n
へそ曲がりと, n
へそ曲がりの, n
へたくそだ, n
へたくそです, n
へとへとだ, n
へとへとです, n
へなへな, n
べとつく, n
べとべと, n
ぺしゃんこだ, n
ぺしゃんこです, n
ぺしゃんこと, n
ぺしゃんこの, n
ぺてん師だ, n
ぺてん師です, n
ぺてん師と, n
ぺてん師の, n
ほど遠い, n
ぼさっと, n
ぼやける, n
ぼやぼや, n
ぼろい, n
ぼろぼろだ, n
ぼろぼろです, n
ぼんくらだ, n
ぼんくらです, n
ぼんくらと, n
ぼんくらの, n
ぼんやり, n
まがい物だ, n
まがい物です, n
まがい物と, n
まがい物の, n
まがい物的だ, n
まがい物的です, n
まがまがしい, n
まごまご, n
まだるっこい, n
ままならない, n
みそっかす, n
みすぼらしい, n
みっともない, n
みにくい, n
みみっちい, n
むかむか, n
むごい, n
むごたらしい, n
むさい, n
むさくるしい, n
むっと, n
むなぐるしい, n
むなしい, n
めそめそ, n
めちゃくちゃだ, n
めちゃくちゃです, n
めちゃめちゃだ, n
めちゃめちゃです, n
めんどう臭い, n
めんどうくさい, n
めんどくさい, n
もう一つだ, n
もたつきがある, n
もっさり, n
もったいない, n
もってのほかだ, n
もってのほかです, n
もってのほかと, n
もってのほかの, n
もどかしい, n
ものうい, n
ものすさまじい, n
ものたりない, n
もの狂おしい, n
もの凄まじい, n
もの悲しい, n
やかましい, n
やきもき, n
やっかいだ, n
やっかいです, n
やにっこい, n
やばい, n
やぶさかだ, n
やぶさかです, n
やぼだ, n
やぼです, n
やぼったい, n
やましい, n
ややこしい, n
やりきれない, n
やり切れない, n
やるせない, n
やわだ, n
やわです, n
やわい, n
ゆゆしい, n
ゆるい, n
よけいだ, n
よけいです, n
よけいと, n
よけいの, n
よそよそしい, n
よれよれだ, n
よれよれです, n
よれる, n
よわい, n
よんどころない, n
らちもない, n
ろくでなしだ, n
ろくでなしです, n
ろくでなしと, n
ろくでなしの, n
わいせつだ, n
わいせつです, n
わいせつと, n
わいせつの, n
わかるにくい, n
わざとらしい, n
わずらわしい, n
わびしい, n
わやだ, n
わやです, n
わやくだ, n
わやくです, n
アウトローだ, n
アウトローです, n
アウトローと, n
アウトローの, n
アホだ, n
アホです, n
アホと, n
アホの, n
アンナチュラルだ, n
アンナチュラルです, n
アンナチュラルと, n
アンナチュラルの, n
イカレる, n
イマイチだ, n
イマイチです, n
イマイチと, n
イマイチの, n
イレギュラ, n
イレギュラー, n
インチキだ, n
インチキです, n
インチキと, n
インチキの, n
インパクトがない, n
ウドの大木だ, n
ウドの大木です, n
ウドの大木と, n
ウドの大木の, n
エキセントリックだ, n
エキセントリックです, n
エゴイストだ, n
エゴイストです, n
エゴイストと, n
エゴイストの, n
エッチだ, n
オーソドックスすぎる, n
オマケ程度, n
オモチャっぽい, n
オヤジ臭い, n
オリジナリティがない, n
カッコ悪い, n
ガキっぽい, n
ガタ落ち, n
ガチガチだ, n
ガチガチです, n
キズがある, n
キツイ, n
キリがない, n
ギクシャク, n
ギュウギュウだ, n
ギュウギュウです, n
クセがある, n
クセはある, n
グルーミー, n
グロだ, n
グロです, n
グロと, n
グロの, n
グロッキーだ, n
グロッキーです, n
グロッキーと, n
グロッキーの, n
グロテスクだ, n
グロテスクです, n
コワい, n
ショッキングだ, n
ショッキングです, n
ショックがある, n
ショボ過ぎ, n
シリアスだ, n
シリアスです, n
ジャジャ馬だ, n
ジャジャ馬です, n
ジャジャ馬と, n
ジャジャ馬の, n
ズレる, n
センスがない, n
ダーティ, n
ダーティー, n
ダサい, n
チグハグだ, n
チグハグです, n
チャチ, n
チャラチャラ, n
ディプレッション, n
デカ過ぎ, n
デプレッション, n
ノイジー, n
ノンセンスだ, n
ノンセンスです, n
ノンセンスと, n
ノンセンスの, n
バタくさい, n
バタ臭い, n
バラツキがある, n
パワー不足, n
ヒステリックだ, n
ヒステリックです, n
ヒヤヒヤ, n
ビビるやすい, n
ヘンテコだ, n
ヘンテコです, n
ミーハーだ, n
ミーハーです, n
ミスマッチ, n
メチャメチャだ, n
メチャメチャです, n
メランコリック, n
メリハリがない, n
ヤワだ, n
ヤワです, n
ヨレヨレだ, n
ヨレヨレです, n
ヨレヨレと, n
ヨレヨレの, n
ワーストワンだ, n
ワーストワンです, n
ワーストワンと, n
ワーストワンの, n
ワンマンだ, n
ワンマンです, n
唖然だ, n
唖然です, n
唖然と, n
唖然の, n
阿呆くさい, n
阿呆だ, n
阿呆です, n
阿呆と, n
阿呆の, n
阿呆らしい, n
阿呆臭い, n
哀しい, n
哀しむ, n
哀れだ, n
愛想がない, n
愛想の無い, n
悪趣味だ, n
悪趣味です, n
悪趣味と, n
悪趣味の, n
悪い, n
悪賢い, n
悪達者だ, n
悪達者です, n
悪達者と, n
悪達者の, n
悪辣だ, n
悪辣です, n
扱いにくい, n
扱い難い, n
安っぽい, n
安普請的だ, n
安普請的です, n
安物だ, n
安物です, n
安物と, n
安物の, n
暗い, n
暗む, n
暗愚だ, n
暗愚です, n
暗愚と, n
暗愚の, n
暗鬱だ, n
暗鬱です, n
暗澹だ, n
暗澹です, n
暗澹と, n
暗澹の, n
意に介さない, n
意気地無しだ, n
意気地無しです, n
意気地無しと, n
意気地無しの, n
意固地だ, n
意固地です, n
意志薄弱だ, n
意志薄弱です, n
意志薄弱と, n
意志薄弱の, n
意地が悪い, n
意地の悪い, n
意地っぱりだ, n
意地っぱりです, n
意地っぱりと, n
意地っぱりの, n
意地っ張りだ, n
意地っ張りです, n
意地っ張りと, n
意地っ張りの, n
意地汚い, n
意地張りだ, n
意地張りです, n
意地張りと, n
意地張りの, n
違和感がある, n
一卷の終りだ, n
一卷の終りです, n
一卷の終りと, n
一卷の終りの, n
一巻の終わる, n
一筋縄ではいかない, n
一苦労, n
一文惜しみだ, n
一文惜しみです, n
一文惜しみと, n
一文惜しみの, n
引っ込みがちだ, n
引っ込みがちです, n
引っ込み思案だ, n
引っ込み思案です, n
引っ込み思案と, n
引っ込み思案の, n
淫蕩だ, n
淫蕩です, n
淫蕩と, n
淫蕩の, n
淫猥だ, n
淫猥です, n
淫靡だ, n
淫靡です, n
淫靡と, n
淫靡の, n
陰うつだ, n
陰うつです, n
陰気臭い, n
陰険だ, n
陰険です, n
陰惨だ, n
陰惨です, n
陰湿だ, n
陰湿です, n
陰鬱だ, n
陰鬱です, n
烏滸がましい, n
迂遠だ, n
迂遠です, n
迂愚だ, n
迂愚です, n
迂闊だ, n
迂闊です, n
雲泥の差がある, n
雲泥の差だ, n
雲泥の差です, n
雲泥の差と, n
雲泥の差の, n
影がうすい, n
影が薄い, n
厭だ, n
厭です, n
厭わしい, n
怨めしい, n
縁がない, n
遠慮会釈もない, n
汚い, n
汚らしい, n
汚らわしい, n
汚れやすい, n
汚穢だ, n
汚穢です, n
汚穢と, n
汚穢の, n
奥行きがない, n
押しが強い, n
押し付けがましい, n
横柄だ, n
横柄です, n
横様だ, n
横様です, n
臆病者だ, n
臆病者です, n
臆病者と, n
臆病者の, n
恩着せがましい, n
下にもおけない, n
下らない, n
下賎だ, n
下賎です, n
下等だ, n
下等です, n
下劣だ, n
下劣です, n
何にもならない, n
何のへんてつもない, n
可哀相だ, n
可哀相です, n
火の消えたよう, n
禍々しい, n
禍禍しい, n
苛酷だ, n
苛酷です, n
苛烈だ, n
苛烈です, n
過ち, n
過酷だ, n
過酷です, n
我が物顔だ, n
我が物顔です, n
我が物顔と, n
我が物顔の, n
画一的だ, n
画一的です, n
怪しい, n
怪しげだ, n
怪しげです, n
怪異だ, n
怪異です, n
怪奇だ, n
怪奇です, n
格好悪い, n
角のある, n
角張りすぎる, n
隔靴掻痒だ, n
隔靴掻痒です, n
隔靴掻痒と, n
隔靴掻痒の, n
隔心だ, n
隔心です, n
隔心と, n
隔心の, n
楽しみがない, n
割に合わない, n
恰好わるい, n
恰好悪い, n
寒々, n
寒ざむ, n
寒寒, n
勘弁だ, n
感情的だ, n
感情的です, n
甘ｋ見る, n
甘ったれる, n
緩い, n
間が悪い, n
間の延びた, n
間延び, n
間延びした, n
間尺に合わない, n
閑散だ, n
閑散です, n
頑愚だ, n
頑愚です, n
頑愚と, n
頑愚の, n
頑冥だ, n
頑冥です, n
頑迷だ, n
頑迷です, n
顔負けだ, n
顔負けです, n
顔負けと, n
顔負けの, n
危うい, n
危ない, n
危なっかしい, n
奇々怪々だ, n
奇々怪々です, n
奇々怪々と, n
奇々怪々の, n
奇っ怪だ, n
奇っ怪です, n
奇奇怪怪だ, n
奇奇怪怪です, n
奇奇怪怪と, n
奇奇怪怪の, n
奇態だ, n
奇態です, n
希薄だ, n
希薄です, n
忌まわしい, n
忌わしい, n
機械的だ, n
機械的です, n
機嫌が悪い, n
気が遠くなる, n
気が遠のく, n
気が強い, n
気が塞ぐ, n
気が弱い, n
気が重い, n
気が小さい, n
気が短い, n
気が沈む, n
気にくわない, n
気むつかしい, n
気ぜわしい, n
気むずかしい, n
気弱だ, n
気弱です, n
気取った, n
気色が悪い, n
気早だ, n
気早です, n
気短だ, n
気短です, n
気難しい, n
気付きにくい, n
気分が悪い, n
気忙しい, n
気味が悪い, n
稀薄だ, n
稀薄です, n
儀式張った, n
戯けです, n
戯けと, n
戯けの, n
疑い深い, n
疑わしい, n
疑問だ, n
詰屈だ, n
詰屈です, n
逆賊だ, n
逆賊です, n
逆賊と, n
逆賊の, n
泣き所だ, n
泣き所です, n
泣き所と, n
泣き所の, n
泣き虫だ, n
泣き虫です, n
泣き虫と, n
泣き虫の, n
居丈高だ, n
居丈高です, n
虚仮だ, n
虚仮です, n
虚仮と, n
虚仮の, n
許しがたい, n
凶漢だ, n
凶漢です, n
凶漢と, n
凶漢の, n
凶暴だ, n
凶暴です, n
凶猛だ, n
凶猛です, n
凶猛と, n
凶猛の, n
強情張だ, n
強情張です, n
強情張と, n
強情張の, n
強情っぱりだ, n
強情っぱりです, n
強欲だ, n
強欲です, n
怯懦だ, n
怯懦です, n
怯懦と, n
怯懦の, n
恐るべき, n
恐れがある, n
恐れ多い, n
狂わしい, n
狂人だ, n
狂人です, n
狂人と, n
狂人の, n
狂暴だ, n
狂暴です, n
狂乱, n
狭苦しい, n
狭量だ, n
狭量です, n
狭隘だ, n
狭隘です, n
脅かす, n
興味がない, n
驚きがない, n
仰々しい, n
仰仰しい, n
業突く張りだ, n
業突く張りです, n
業突く張りと, n
業突く張りの, n
極貧だ, n
極貧です, n
極貧と, n
極貧の, n
僅少だ, n
僅少です, n
僅少と, n
僅少の, n
近目だ, n
近目です, n
近目と, n
近目の, n
銀流しだ, n
銀流しです, n
銀流しと, n
銀流しの, n
苦になる, n
苦々しい, n
苦し紛れだ, n
苦し紛れです, n
苦肉の策だ, n
苦肉の策です, n
苦肉の策と, n
苦肉の策の, n
愚にもつかぬ, n
愚の骨頂だ, n
愚の骨頂です, n
愚の骨頂と, n
愚の骨頂の, n
愚か, n
愚かしい, n
愚人だ, n
愚人です, n
愚人と, n
愚人の, n
愚図だ, n
愚図です, n
愚図と, n
愚図の, n
愚直だ, n
愚直です, n
愚直と, n
愚直の, n
愚鈍だ, n
愚鈍です, n
愚鈍と, n
愚鈍の, n
愚物だ, n
愚物です, n
愚物と, n
愚物の, n
愚昧だ, n
愚昧です, n
愚劣だ, n
愚劣です, n
愚劣と, n
愚劣の, n
空々しい, n
空しい, n
空回り, n
空恐ろしい, n
空空しい, n
空疎だ, n
空疎です, n
空中楼閣だ, n
空中楼閣です, n
空中楼閣と, n
空中楼閣の, n
屈伏, n
屈服, n
型にはまる, n
形無しだ, n
形無しです, n
形無しと, n
形無しの, n
軽々しい, n
軽はずみだ, n
軽はずみです, n
軽はずみと, n
軽はずみの, n
軽視, n
軽蔑, n
軽躁だ, n
軽躁です, n
軽躁と, n
軽躁の, n
激越だ, n
激越です, n
隙だらけ, n
欠陥がある, n
欠陥品, n
血も涙もない, n
血の気が多い, n
喧しい, n
喧嘩腰だ, n
喧嘩腰です, n
喧嘩腰と, n
喧嘩腰の, n
堅苦しい, n
堅物だ, n
堅物です, n
堅物と, n
堅物の, n
嫌らしい, n
嫌みだ, n
嫌みです, n
嫌みと, n
嫌みの, n
嫌味たらしい, n
嫌味ったらしい, n
見えっ張りだ, n
見えっ張りです, n
見ぐるしい, n
見づらい, n
見にくい, n
見るかげもない, n
見る影もない, n
見下す, n
見苦しい, n
見向きもしない, n
険しい, n
険悪だ, n
険悪です, n
険悪と, n
険悪の, n
険難だ, n
険難です, n
元も子もない, n
厳つい, n
厳酷だ, n
厳酷です, n
幻怪だ, n
幻怪です, n
幻怪と, n
幻怪の, n
言語道断だ, n
言語道断です, n
言語道断と, n
言語道断の, n
個性がない, n
個性はない, n
古めかしい, n
古臭い, n
固陋だ, n
固陋です, n
姑息だ, n
姑息です, n
胡散臭い, n
誇大だ, n
誇大です, n
後のまつりだ, n
後のまつりです, n
後のまつりと, n
後のまつりの, n
後の祭りだ, n
後の祭りです, n
後の祭りと, n
後の祭りの, n
後悔先に立たぬ, n
御粗末だ, n
御粗末です, n
御機嫌斜めだ, n
御機嫌斜めです, n
御機嫌斜めと, n
御機嫌斜めの, n
御大層だ, n
御大層です, n
効きすぎる, n
効きにくい, n
効き難い, n
厚かましい, n
厚ぼったい, n
厚顔だ, n
厚顔です, n
口がさびしい, n
口が軽い, n
口ほどにもない, n
口惜しい, n
口先だけ, n
口先だけの, n
向う見ずだ, n
向う見ずです, n
好い加減だ, n
好い加減です, n
好きものだ, n
好きものです, n
好きものと, n
好きものの, n
好き嫌いがある, n
好き嫌いはある, n
巧言令色だ, n
巧言令色です, n
巧言令色と, n
巧言令色の, n
慌しい, n
慌ただしい, n
甲斐性無い, n
糠に釘だ, n
糠に釘です, n
糠に釘と, n
糠に釘の, n
荒々しい, n
荒くれた, n
荒っぽい, n
荒らかだ, n
荒らかです, n
荒荒しい, n
荒削りだ, n
荒削りです, n
荒削りと, n
荒削りの, n
荒誕だ, n
荒誕です, n
荒誕と, n
荒誕の, n
荒唐だ, n
荒唐です, n
荒唐と, n
荒唐の, n
高慢だ, n
高慢です, n
高慢と, n
高慢の, n
高慢ちきだ, n
高慢ちきです, n
高慢ちきと, n
高慢ちきの, n
剛愎だ, n
剛愎です, n
剛愎と, n
剛愎の, n
合わせにくい, n
酷たらしい, n
酷だ, n
酷です, n
酷と, n
酷の, n
酷い, n
酷しい, n
酷薄だ, n
酷薄です, n
酷薄と, n
酷薄の, n
酷烈だ, n
酷烈です, n
腰が弱い, n
腰が重い, n
腰砕けだ, n
腰砕けです, n
腰砕けと, n
腰砕けの, n
腰弱だ, n
腰弱です, n
腰抜けだ, n
腰抜けです, n
腰抜けと, n
腰抜けの, n
今ひとつ, n
今一つだ, n
今一つです, n
今一つと, n
今一つの, n
恨み骨髄に徹する, n
恨めしい, n
根性悪だ, n
根性悪です, n
根性悪と, n
根性悪の, n
根性曲り, n
根無しだ, n
根無しです, n
根無しと, n
根無しの, n
差がある, n
差が激しい, n
差はある, n
差し支える, n
差し出がましい, n
差支える, n
差別的だ, n
差別的です, n
細細, n
在り来りだ, n
在り来りです, n
罪ぶかい, n
罪作りだ, n
罪作りです, n
罪作りと, n
罪作りの, n
罪深い, n
策士だ, n
策士です, n
策士と, n
策士の, n
擦れっ枯らしだ, n
擦れっ枯らしです, n
擦れっ枯らしと, n
擦れっ枯らしの, n
殺人的だ, n
殺人的です, n
殺伐だ, n
殺伐です, n
殺伐の, n
殺伐と, n
雑だ, n
雑です, n
雑と, n
雑の, n
雑然だ, n
雑然です, n
雑然の, n
惨い, n
惨たらしい, n
惨烈だ, n
惨烈です, n
惨烈と, n
惨烈の, n
惨憺だ, n
惨憺です, n
惨憺と, n
惨憺の, n
散々だ, n
散々です, n
散散だ, n
散散です, n
酸鼻だ, n
酸鼻です, n
酸鼻と, n
酸鼻の, n
残り惜しい, n
残り多い, n
残刻だ, n
残刻です, n
残忍だ, n
残忍です, n
残忍と, n
残忍の, n
仕方がない, n
仕方ない, n
仕方のない, n
使いづらい, n
使いにくい, n
使い難い, n
使い物にならない, n
刺々しい, n
刺刺しい, n
子供っぽい, n
子供だましだ, n
子供だましです, n
子供だましと, n
子供だましの, n
子供騙しだ, n
子供騙しです, n
子供騙しと, n
子供騙しの, n
思いきりの悪い, n
思い切りの悪い, n
思わしくない, n
支障がある, n
脂こい, n
脂っこい, n
歯が立たない, n
歯痒い, n
耳年増だ, n
耳年増です, n
耳年増と, n
耳年増の, n
自縄自縛だ, n
自縄自縛です, n
自縄自縛と, n
自縄自縛の, n
七転八倒だ, n
七転八倒です, n
七転八倒と, n
七転八倒の, n
七面倒臭い, n
執念深い, n
質感がない, n
邪険だ, n
邪険です, n
邪魔者, n
邪魔物, n
邪魔くさい, n
邪慳だ, n
邪慳です, n
寂しげだ, n
寂しげです, n
寂しげと, n
寂しげの, n
寂れる, n
寂寞だ, n
寂寞です, n
寂寞と, n
寂寞の, n
弱々しい, n
弱り目だ, n
弱り目です, n
弱り目と, n
弱り目にたたり目だ, n
弱り目にたたり目です, n
弱り目にたたり目と, n
弱り目にたたり目の, n
弱り目の, n
弱虫だ, n
弱虫です, n
弱虫と, n
弱虫の, n
守銭奴だ, n
守銭奴です, n
守銭奴と, n
守銭奴の, n
手がつけられない, n
手が出ない, n
手が足りない, n
手におえない, n
手に余る, n
手の出し様がない, n
手ぬるい, n
手ひどい, n
手緩い, n
手狭だ, n
手狭です, n
手狭と, n
手狭の, n
手厳しい, n
手荒だ, n
手荒です, n
手荒い, n
手酷い, n
手重い, n
手痛い, n
手薄だ, n
手薄です, n
酒落臭いだ, n
酒落臭いです, n
酒落臭いと, n
酒落臭いの, n
受け入れ難い, n
受け付けない, n
呪わしい, n
臭い, n
醜い, n
重々しい, n
重苦しい, n
重重しい, n
術無い, n
峻険だ, n
峻険です, n
峻厳だ, n
峻厳です, n
峻嶮だ, n
峻嶮です, n
暑がりだ, n
暑がりです, n
暑がりと, n
暑がりの, n
暑苦しい, n
女たらしだ, n
女たらしです, n
女たらしと, n
女たらしの, n
女女しい, n
小難しい, n
小汚い, n
小気味が悪い, n
小賢しい, n
小心翼翼だ, n
小心翼翼です, n
小心翼翼と, n
小心翼翼の, n
小憎らしい, n
小便くさい, n
小面憎い, n
小利口だ, n
小利口です, n
小癪にさわる, n
焦れったい, n
省きすぎる, n
笑止千万です, n
笑止千万と, n
笑止千万の, n
上っ面だけ, n
上滑りだ, n
上滑りです, n
上辷りだ, n
上辷りです, n
冗談じゃない, n
冗長だ, n
冗長です, n
冗漫だ, n
冗漫です, n
情けが無い, n
情け知らず, n
情け容赦もない, n
情けない, n
情強だ, n
情強です, n
色あせる, n
色気がない, n
尻が軽い, n
尻が重い, n
尻の穴が小さい, n
尻ごみ, n
尻軽だ, n
尻軽です, n
尻込み, n
伸びがない, n
信じがたい, n
寝覚めが悪い, n
寝苦しい, n
寝耳に水だ, n
寝耳に水です, n
寝耳に水と, n
寝耳に水の, n
心が重い, n
心が騒ぐ, n
心を乱す, n
心許ない, n
心許無い, n
心苦しい, n
心無い, n
心憂い, n
新鮮味はない, n
深みがない, n
身もふたもない, n
身も蓋もない, n
身の程知らずだ, n
身の程知らずです, n
身の程知らずと, n
身の程知らずの, n
辛気くさい, n
辛気臭い, n
人が悪い, n
人を食った, n
人気がない, n
人気はない, n
人泣かせだ, n
人泣かせです, n
人泣かせと, n
人泣かせの, n
人聞きが悪い, n
人聞きの悪い, n
人目につく, n
人恋しい, n
図々しい, n
水の泡だ, n
水の泡です, n
水の泡と, n
水の泡になる, n
水の泡の, n
水臭い, n
嵩張る, n
寸づまりだ, n
寸づまりです, n
寸づまりと, n
寸づまりの, n
寸足らずだ, n
寸足らずです, n
寸足らずと, n
寸足らずの, n
世間知らず, n
世知辛い, n
凄惨だ, n
凄惨です, n
凄惨と, n
凄惨の, n
凄絶だ, n
凄絶です, n
凄絶と, n
凄絶の, n
性悪だ, n
性悪です, n
生ぬるい, n
生硬だ, n
生硬です, n
生煮えだ, n
生煮えです, n
生煮えと, n
生煮えの, n
青臭い, n
青二才だ, n
青二才です, n
青二才と, n
青二才の, n
脆い, n
惜しい, n
惜しくも, n
拙い, n
拙劣だ, n
拙劣です, n
節度がない, n
絶体絶命だ, n
絶体絶命です, n
絶体絶命と, n
絶体絶命の, n
絶望的だ, n
絶望的です, n
舌先三寸だ, n
舌先三寸です, n
舌先三寸と, n
舌先三寸の, n
戦闘的だ, n
戦闘的です, n
浅はかだ, n
浅はかです, n
浅ましい, n
浅薄だ, n
浅薄です, n
浅慮だ, n
浅慮です, n
浅慮と, n
浅慮の, n
詮無い, n
賎しい, n
疎い, n
疎かだ, n
疎かです, n
疎ましい, n
疎略だ, n
疎略です, n
疎略と, n
疎略の, n
粗削りだ, n
粗削りです, n
粗削りと, n
粗削りの, n
粗雑だ, n
粗雑です, n
粗大だ, n
粗大です, n
粗暴だ, n
粗暴です, n
粗暴と, n
粗暴の, n
粗末だ, n
粗末です, n
粗野だ, n
粗野です, n
粗笨だ, n
粗笨です, n
粗笨と, n
粗笨の, n
素気無い, n
素っ気ない, n
素っ気もない, n
素っ気も無い, n
素っ気無い, n
素っ頓狂だ, n
素っ頓狂です, n
素頓狂だ, n
素頓狂です, n
鼠輩だ, n
鼠輩です, n
鼠輩と, n
鼠輩の, n
早計だ, n
早計です, n
早計と, n
早計の, n
騒々しい, n
騒がしい, n
騒然たる, n
騒騒しい, n
増悪, n
憎々しい, n
憎体だ, n
憎体です, n
息苦しい, n
俗っぽい, n
俗悪だ, n
俗悪です, n
俗悪と, n
俗悪の, n
俗物だ, n
俗物です, n
俗物と, n
俗物の, n
俗離れだ, n
俗離れです, n
俗離れと, n
俗離れの, n
卒爾だ, n
卒爾です, n
卒爾と, n
卒爾の, n
遜色がある, n
多情多恨だ, n
多情多恨です, n
多情多恨と, n
多情多恨の, n
惰弱だ, n
惰弱です, n
駄目, n
耐え難い, n
態とらしい, n
態度が大きい, n
大それた, n
大仰だ, n
大仰です, n
大愚だ, n
大愚です, n
大愚と, n
大愚の, n
大形だ, n
大形です, n
大嫌いだ, n
大嫌いです, n
濁るた, n
嘆かわしい, n
短慮だ, n
短慮です, n
暖簾に腕押しだ, n
暖簾に腕押しです, n
暖簾に腕押しと, n
暖簾に腕押しの, n
男尊女卑だ, n
男尊女卑です, n
男尊女卑と, n
男尊女卑の, n
値が張る, n
恥知らずだ, n
恥知らずです, n
恥知らずと, n
恥知らずの, n
恥曝しだ, n
恥曝しです, n
痴れ者だ, n
痴れ者です, n
痴れ者と, n
痴れ者の, n
稚気だ, n
稚気です, n
稚気と, n
稚気の, n
致し方ない, n
致し方無い, n
致命的だ, n
致命的です, n
遅々たる, n
遅い, n
遅緩だ, n
遅緩です, n
遅緩と, n
遅緩の, n
遅鈍だ, n
遅鈍です, n
遅鈍と, n
遅鈍の, n
茶番劇だ, n
茶番劇です, n
茶番劇と, n
茶番劇の, n
虫がいい, n
虫が好くない, n
虫のいい, n
虫酸が走る, n
張りつめる, n
張り出しすぎ, n
挑発的だ, n
挑発的です, n
調子はずれだ, n
調子はずれです, n
調子はずれと, n
調子はずれの, n
長たらしい, n
沈痛だ, n
沈痛です, n
沈鬱だ, n
沈鬱です, n
沈鬱と, n
沈鬱の, n
陳腐だ, n
陳腐です, n
痛々しい, n
痛ましい, n
低級だ, n
低級です, n
低質だ, n
低質です, n
低質と, n
低質の, n
低俗だ, n
低俗です, n
低能だ, n
低能です, n
低能と, n
低能の, n
低劣だ, n
低劣です, n
底が浅い, n
底が知れない, n
底意地の悪い, n
程遠い, n
締まりがない, n
締まりが無い, n
締まりのない, n
締まり屋だ, n
締まり屋です, n
締まり屋と, n
締まり屋の, n
締りがない, n
締りが無い, n
諦めの悪い, n
泥くさい, n
泥臭い, n
鉄面皮だ, n
鉄面皮です, n
天保銭だ, n
天保銭です, n
天保銭と, n
天保銭の, n
田舎くさい, n
田舎っぽい, n
田舎臭い, n
徒だ, n
徒です, n
徒爾だ, n
徒爾です, n
徒爾と, n
徒爾の, n
杜撰だ, n
杜撰です, n
杜撰と, n
杜撰の, n
途方もない, n
途方も無い, n
都合が悪い, n
度が強い, n
度し難い, n
土くさい, n
土臭い, n
怒りっぽい, n
怒り心頭だ, n
怒り心頭です, n
怒り心頭と, n
怒り心頭に発する, n
怒り心頭の, n
盗人猛猛しい, n
逃げ腰だ, n
逃げ腰です, n
逃げ腰と, n
逃げ腰の, n
頭が固い, n
頭が高い, n
頭へ来る, n
頭をひねる, n
頭を捻る, n
頭を冷やす, n
道理に外れた, n
得体の知れない, n
毒にも薬にもならぬ, n
毒々しい, n
独断的だ, n
独断的です, n
突拍子もない, n
突慳貪だ, n
突慳貪です, n
豚に真珠だ, n
豚に真珠です, n
豚に真珠と, n
豚に真珠の, n
鈍, n
鈍臭い, n
鈍根だ, n
鈍根です, n
鈍根と, n
鈍根の, n
鈍重だ, n
鈍重です, n
鈍重と, n
鈍重の, n
鈍物だ, n
鈍物です, n
鈍物と, n
鈍物の, n
内弁慶だ, n
内弁慶です, n
内弁慶と, n
内弁慶の, n
馴れ馴れしい, n
難がある, n
難物だ, n
難物です, n
難物と, n
難物の, n
二の句がつげない, n
二目と見られない, n
日陰者だ, n
日陰者です, n
日陰者と, n
日陰者の, n
乳臭だ, n
乳臭です, n
乳臭と, n
乳臭の, n
乳臭い, n
入りづらい, n
入りにくい, n
如何わしい, n
猫に小判だ, n
猫に小判です, n
猫に小判と, n
猫に小判の, n
猫の額だ, n
猫の額です, n
猫の額と, n
猫の額の, n
熱鬧だ, n
熱鬧です, n
熱鬧と, n
熱鬧の, n
年寄りくさい, n
粘っこい, n
悩ましい, n
能なし, n
能無しだ, n
能無しです, n
能無しと, n
能無しの, n
波がある, n
派手好みだ, n
派手好みです, n
派手好みと, n
派手好みの, n
破壊的だ, n
破壊的です, n
破戒無慙だ, n
破戒無慙です, n
破戒無慙と, n
破戒無慙の, n
破滅的だ, n
破滅的です, n
破廉恥だ, n
破廉恥です, n
破廉恥と, n
破廉恥の, n
馬の耳に念仏, n
馬耳東風だ, n
馬耳東風です, n
馬耳東風と, n
馬耳東風の, n
馬鹿くさい, n
馬鹿にする, n
馬鹿者, n
馬鹿野郎だ, n
馬鹿野郎です, n
馬鹿野郎と, n
馬鹿野郎の, n
馬鹿らしい, n
馬鹿臭い, n
馬鹿馬鹿しい, n
背筋が寒くなる, n
買い得です, n
売国奴だ, n
売国奴です, n
売国奴と, n
売国奴の, n
白々しい, n
白眼視する, n
薄ぎたない, n
薄ぐらい, n
薄っぺらだ, n
薄っぺらです, n
薄暗い, n
薄汚い, n
薄気味悪い, n
薄馬鹿だ, n
薄馬鹿です, n
薄馬鹿と, n
薄馬鹿の, n
薄氷を踏む思いだ, n
薄氷を踏む思いです, n
薄氷を踏む思いと, n
薄氷を踏む思いの, n
迫力がない, n
漠漠だ, n
漠漠です, n
漠漠と, n
漠漠の, n
莫迦だ, n
莫迦です, n
莫迦と, n
莫迦の, n
八方美人だ, n
八方美人です, n
八方美人と, n
八方美人の, n
髪の毛を逆立てる, n
罰金もの, n
抜差しならない, n
半可通だ, n
半可通です, n
半可通と, n
半可通の, n
半間だ, n
半間です, n
半人前だ, n
半人前です, n
半人前と, n
半人前の, n
反りが合わない, n
反対だ, n
繁雑だ, n
繁雑です, n
煩わしい, n
卑しい, n
卑しんぼうだ, n
卑しんぼうです, n
卑しんぼうと, n
卑しんぼうの, n
卑しん坊だ, n
卑しん坊です, n
卑しん坊と, n
卑しん坊の, n
卑わいだ, n
卑わいです, n
卑賎だ, n
卑賎です, n
卑賎と, n
卑賎の, n
卑俗だ, n
卑俗です, n
卑劣だ, n
卑劣です, n
卑猥だ, n
卑猥です, n
卑陋だ, n
卑陋です, n
卑陋と, n
卑陋の, n
否定的だ, n
否定的です, n
悲しい, n
悲酸だ, n
悲酸です, n
悲壮だ, n
悲壮です, n
悲壮と, n
悲壮の, n
悲愴だ, n
悲愴です, n
悲愴と, n
悲愴の, n
皮相だ, n
皮相です, n
非人道的だ, n
非人道的です, n
非の打ち所がある, n
尾篭だ, n
尾篭です, n
鼻に付く, n
鼻っぱしが強い, n
鼻っ柱が強い, n
鼻持ちがならない, n
鼻持ちならない, n
鼻息が荒い, n
表六玉だ, n
表六玉です, n
表六玉と, n
表六玉の, n
品がない, n
貧しい, n
貧寒だ, n
貧寒です, n
貧寒と, n
貧寒の, n
貧賎だ, n
貧賎です, n
貧相だ, n
貧相です, n
貧相と, n
貧相の, n
貧乏くさい, n
貧乏人だ, n
貧乏人です, n
貧乏人と, n
貧乏人の, n
不似合だ, n
不似合です, n
不似合と, n
不似合の, n
不深切だ, n
不深切です, n
不深切と, n
不深切の, n
不釣り合いだ, n
不釣り合いです, n
不釣り合いと, n
不釣り合いの, n
不熱心だ, n
不熱心です, n
不勉強, n
不ぞろいだ, n
不ぞろいです, n
不ぞろいと, n
不ぞろいの, n
不まじめだ, n
不まじめです, n
不穏だ, n
不穏です, n
不穏当だ, n
不穏当です, n
不穏当と, n
不穏当の, n
不可解だ, n
不可解です, n
不可思議だ, n
不可思議です, n
不格好だ, n
不格好です, n
不格好と, n
不格好の, n
不恰好だ, n
不恰好です, n
不恰好と, n
不恰好の, n
不謹慎だ, n
不謹慎です, n
不見識だ, n
不見識です, n
不甲斐ない, n
不行き届きだ, n
不行き届きです, n
不行届だ, n
不行届です, n
不行届きだ, n
不行届きです, n
不作法だ, n
不作法です, n
不作法と, n
不作法の, n
不充分だ, n
不充分です, n
不承知だ, n
不承知です, n
不承知と, n
不承知の, n
不粋だ, n
不粋です, n
不粋と, n
不粋の, n
不正直だ, n
不正直です, n
不正直と, n
不正直の, n
不精者, n
不誠実だ, n
不誠実です, n
不鮮明だ, n
不鮮明です, n
不相応だ, n
不相応です, n
不相応と, n
不相応の, n
不束だ, n
不束です, n
不体裁だ, n
不体裁です, n
不退転だ, n
不退転です, n
不退転と, n
不退転の, n
不釣合だ, n
不釣合です, n
不定だ, n
不定です, n
不適だ, n
不適です, n
不適と, n
不適の, n
不適切だ, n
不適切です, n
不適当だ, n
不適当です, n
不適当と, n
不適当の, n
不徹底だ, n
不徹底です, n
不透明だ, n
不透明です, n
不同だ, n
不同です, n
不得要領だ, n
不得要領です, n
不得要領と, n
不得要領の, n
不評を買う, n
不敏だ, n
不敏です, n
不本意だ, n
不本意です, n
不味い, n
不明瞭だ, n
不明瞭です, n
不明朗だ, n
不明朗です, n
不面目だ, n
不面目です, n
不慮だ, n
不慮です, n
不慮と, n
不慮の, n
不躾だ, n
不躾です, n
不躾と, n
不躾の, n
付けにくい, n
付け焼き刃だ, n
付け焼き刃です, n
付け焼き刃と, n
付け焼き刃の, n
敷居が高い, n
浮き腰だ, n
浮き腰です, n
浮き腰と, n
浮き腰の, n
浮き足立つ, n
浮薄だ, n
浮薄です, n
浮薄と, n
浮薄の, n
風の前のちりだ, n
風の前のちりです, n
風の前のちりと, n
風の前のちりの, n
風向きが悪い, n
風上にも置けない, n
風来坊だ, n
風来坊です, n
風来坊と, n
風来坊の, n
腹が黒い, n
腹が立つ, n
腹の立つ, n
腹汚い, n
腹だつ, n
腹黒い, n
複雑怪奇だ, n
複雑怪奇です, n
複雑怪奇と, n
複雑怪奇の, n
覆水盆に返るぬ, n
物々しい, n
物わかりが悪い, n
物わかりの悪い, n
物恐ろしい, n
物見高い, n
物寂しい, n
物臭だ, n
物臭です, n
物臭と, n
物臭の, n
物凄まじい, n
物足りない, n
物体無い, n
物悲しい, n
物物しい, n
物憂い, n
分がわるい, n
分が悪い, n
分からず屋, n
分かりづらい, n
分別臭い, n
紛い物だ, n
紛い物です, n
紛い物と, n
紛い物の, n
紛然だ, n
紛然です, n
紛然と, n
紛然の, n
紛紛だ, n
紛紛です, n
紛紛と, n
紛紛の, n
文無しだ, n
文無しです, n
文無しと, n
文無しの, n
聞きづらい, n
聞きにくい, n
聞き苦しい, n
聞き辛い, n
聞き分けのない, n
聞く〜にくい, n
聞苦しい, n
兵六玉だ, n
兵六玉です, n
兵六玉と, n
兵六玉の, n
米食い虫だ, n
米食い虫です, n
米食い虫と, n
米食い虫の, n
癖がある, n
蔑む, n
蔑ろだ, n
蔑ろです, n
偏狭だ, n
偏狭です, n
偏屈だ, n
偏屈です, n
偏窟だ, n
偏窟です, n
変ちきりんだ, n
変ちきりんです, n
変ちくりんだ, n
変ちくりんです, n
変則的だ, n
変則的です, n
片意地だ, n
片意地です, n
片意地と, n
片意地の, n
片寄る, n
片腹痛い, n
辺ぴだ, n
辺ぴです, n
辺鄙だ, n
辺鄙です, n
放佚だ, n
放佚です, n
法外だ, n
法外です, n
飽きが来る, n
飽き足りない, n
飽くっぽい, n
乏しい, n
忙しい, n
暴悪だ, n
暴悪です, n
暴悪と, n
暴悪の, n
暴慢だ, n
暴慢です, n
暴戻だ, n
暴戻です, n
暴戻と, n
暴戻の, n
暴力的だ, n
暴力的です, n
謀叛人, n
朴念仁だ, n
朴念仁です, n
朴念仁と, n
朴念仁の, n
凡愚だ, n
凡愚です, n
凡愚と, n
凡愚の, n
凡骨だ, n
凡骨です, n
凡骨と, n
凡骨の, n
埋もれる, n
末恐ろしい, n
慢性的だ, n
慢性的です, n
漫ろだ, n
漫ろです, n
味がない, n
味もそっけもない, n
味もそっけも無い, n
味も素気もない, n
味気ない, n
味気無い, n
味噌っ滓だ, n
味噌っ滓です, n
味噌っ滓と, n
味噌っ滓の, n
未練がましい, n
魅力がない, n
妙ちきりんだ, n
妙ちきりんです, n
無細工だ, n
無細工です, n
無細工と, n
無細工の, n
無愛敬だ, n
無愛敬です, n
無愛敬と, n
無愛敬の, n
無愛嬌だ, n
無愛嬌です, n
無愛嬌と, n
無愛嬌の, n
無闇矢鱈だ, n
無闇矢鱈です, n
無意義だ, n
無意義です, n
無為だ, n
無為です, n
無縁だ, n
無縁です, n
無音だ, n
無音です, n
無音と, n
無音の, n
無機的だ, n
無機的です, n
無気味だ, n
無気味です, n
無気味と, n
無気味の, n
無骨だ, n
無骨です, n
無骨と, n
無骨の, n
無作法だ, n
無作法です, n
無作法と, n
無作法の, n
無粋だ, n
無粋です, n
無恥だ, n
無恥です, n
無恥と, n
無恥の, n
無鉄砲だ, n
無鉄砲です, n
無頓着だ, n
無頓着です, n
無礼窮まりない, n
冥々だ, n
冥々です, n
冥々と, n
冥々の, n
名ばかりだ, n
名ばかりです, n
名ばかりと, n
名ばかりの, n
名残惜しい, n
命知らずだ, n
命知らずです, n
命知らずと, n
命知らずの, n
滅相だ, n
滅相です, n
滅相も無い, n
滅多矢鱈だ, n
滅多矢鱈です, n
滅茶だ, n
滅茶です, n
滅茶苦茶だ, n
滅茶苦茶です, n
滅茶滅茶だ, n
滅茶滅茶です, n
面の皮が厚い, n
面はゆい, n
面映ゆい, n
面憎い, n
面倒い, n
面倒臭い, n
面白みがない, n
模糊だ, n
模糊です, n
模糊と, n
模糊の, n
妄りだ, n
妄りです, n
毛羽立つ, n
盲信的だ, n
盲信的です, n
木で鼻をくくったようだ, n
木偶坊だ, n
木偶坊です, n
木偶坊と, n
木偶坊の, n
木偶の坊だ, n
木偶の坊です, n
木偶の坊と, n
木偶の坊の, n
目が回る, n
目に余る, n
目もあてられない, n
目もくれない, n
目をむく, n
目を回す, n
目を剥く, n
目を瞑る, n
目茶だ, n
目茶です, n
勿体ない, n
問題児だ, n
問題児です, n
問題児と, n
問題児の, n
悶悶だ, n
悶悶です, n
悶悶と, n
悶悶の, n
爺むさい, n
野卑だ, n
野卑です, n
野暮だ, n
野暮です, n
野暮ったい, n
野暮天だ, n
野暮天です, n
野暮天と, n
野暮天の, n
野鄙だ, n
野鄙です, n
野鄙と, n
野鄙の, n
油っこい, n
油断大敵だ, n
油断大敵です, n
油断大敵と, n
油断大敵の, n
憂い, n
憂うつだ, n
憂うつです, n
有り勝ちだ, n
有り勝ちです, n
有り得るない, n
有頂天だ, n
有頂天です, n
有頂天と, n
有頂天の, n
有難迷惑だ, n
有難迷惑です, n
由々しい, n
由無い, n
由由しい, n
遊びがない, n
融通の利かない, n
余儀ない, n
余計だ, n
余計です, n
余裕がない, n
余裕はない, n
与太だ, n
与太です, n
与太と, n
与太の, n
妖しい, n
揺らぐ, n
要注意だ, n
要注意です, n
要注意と, n
要注意の, n
欲深い, n
欲深だ, n
欲深です, n
欲深と, n
欲深の, n
欲張りだ, n
欲張りです, n
欲張りと, n
欲張りの, n
頼み少ない, n
頼めない, n
頼りない, n
頼り無い, n
落ちぶれる, n
落ち着かない, n
落ち着きのない, n
落ち着きの無い, n
乱脈だ, n
乱脈です, n
裏目だ, n
裏目です, n
裏目と, n
裏目の, n
率爾だ, n
率爾です, n
率爾と, n
率爾の, n
立遅れる, n
竜頭蛇尾だ, n
竜頭蛇尾です, n
竜頭蛇尾と, n
竜頭蛇尾の, n
涼しい顔だ, n
涼しい顔です, n
涼しい顔と, n
涼しい顔の, n
良いない, n
力無げだ, n
力無げです, n
淋しい, n
累卵だ, n
累卵です, n
累卵と, n
累卵の, n
冷やかだ, n
冷やかです, n
冷ややかだ, n
冷ややかです, n
冷や冷や, n
冷酷だ, n
冷酷です, n
冷酷と, n
冷酷の, n
冷然だ, n
冷然です, n
冷然と, n
冷然の, n
冷淡だ, n
冷淡です, n
劣だ, n
劣です, n
劣と, n
劣の, n
劣る, n
憐れだ, n
憐れです, n
蓮っ葉だ, n
蓮っ葉です, n
労しい, n
老醜だ, n
老醜です, n
老醜と, n
老醜の, n
論外だ, n
論外です, n
話にならない, n
佶屈だ, n
佶屈です, n
侘しい, n
傲岸だ, n
傲岸です, n
凛冽だ, n
凛冽です, n
凛冽と, n
凛冽の, n
吝ん坊だ, n
吝ん坊です, n
吝ん坊と, n
吝ん坊の, n
埒があくない, n
奢る, n
奸悪だ, n
奸悪です, n
奸悪と, n
奸悪の, n
奸賊だ, n
奸賊です, n
奸賊と, n
奸賊の, n
寥寥だ, n
寥寥です, n
寥寥と, n
寥寥の, n
尠少だ, n
尠少です, n
嶮難だ, n
嶮難です, n
怱忙だ, n
怱忙です, n
怱忙と, n
怱忙の, n
恬然の, n
悄然だ, n
悄然です, n
悄然と, n
悄然の, n
慄然だ, n
慄然です, n
慄然と, n
慄然の, n
憮然だ, n
憮然です, n
憮然と, n
憮然の, n
懦弱だ, n
懦弱です, n
懶い, n
朧だ, n
朧です, n
鬱陶しい, n
渾沌だ, n
渾沌です, n
渾沌と, n
渾沌の, n
熾烈だ, n
熾烈です, n
狡い, n
狡辛い, n
狡猾だ, n
狡猾です, n
狡獪だ, n
狡獪です, n
狡獪と, n
狡獪の, n
狷介だ, n
狷介です, n
猥雑だ, n
猥雑です, n
猥雑と, n
猥雑の, n
猥褻だ, n
猥褻です, n
獰猛だ, n
獰猛です, n
獰猛と, n
獰猛の, n
瑣細だ, n
瑣細です, n
瑣末だ, n
瑣末です, n
疚しい, n
癇に障る, n
穢い, n
穢らしい, n
穢らわしい, n
羞悪だ, n
羞悪です, n
羞悪と, n
羞悪の, n
羸弱だ, n
羸弱です, n
翳りだ, n
翳りです, n
翳りと, n
翳りの, n
耄碌, n
聊爾だ, n
聊爾です, n
腑ぬけだ, n
腑ぬけです, n
腑ぬけと, n
腑ぬけの, n
腑甲斐ない, n
腑抜けだ, n
腑抜けです, n
腑抜けと, n
腑抜けの, n
茫漠です, n
茫漠と, n
茫漠の, n
茫洋だ, n
茫洋です, n
褊狭だ, n
褊狭です, n
褊狭と, n
褊狭の, n
訝しい, n
諤々です, n
諤々と, n
諤々の, n
諤諤だ, n
諤諤です, n
諤諤と, n
諤諤の, n
贅沢すぎる, n
躁急だ, n
躁急です, n
遽しい, n
鄙劣だ, n
鄙劣です, n
鄙猥だ, n
鄙猥です, n
鄙陋だ, n
鄙陋です, n
鄙陋と, n
鄙陋の, n
陋劣だ, n
陋劣です, n
驕傲だ, n
驕傲です, n
驕傲と, n
驕傲の, n
驕奢だ, n
驕奢です, n
あこがれる, p
あじわう, p
かなう, p
こだわりがある, p
したう, p
すがすがしい, p
すすめる, p
そろう, p
できあがる, p
なおる, p
ぬぐえる, p
はかどる, p
はがせる, p
はずせる, p
はたせる, p
ほっとする, p
ほめる, p
ほれる, p
ほれ込む, p
まぬがれる, p
みたす, p
もてなしてもらう, p
やせる, p
よろこぶ, p
ストレスがない, p
愛される, p
扱うことができる, p
扱うことはできる, p
扱える, p
慰めてもらう, p
移すことができる, p
移すことはできる, p
移せる, p
育つ, p
育ててくれる, p
育ててもらう, p
飲み干せる, p
飲み込める, p
温まる, p
改める, p
開けれる, p
開けることができる, p
開けることはできる, p
外すことができる, p
外すことはできる, p
外せる, p
楽しい, p
楽しむ, p
恰好がつく, p
活かす, p
叶う, p
寛ぐ, p
感無量だ, p
感無量です, p
感無量と, p
感無量の, p
慣れる, p
貫くことができる, p
貫くことはできる, p
貫ける, p
間に合う, p
頑張る, p
頑張れる, p
喜ぶ, p
気にいる, p
気に入る, p
気持がいい, p
気持ちがいい, p
気持ちいい, p
気持ち良い, p
貴ぶ, p
救う, p
教えてもらう, p
胸が踊る, p
胸のすくような, p
曲げることができる, p
曲げることはできる, p
極める, p
薫る, p
契約開始できる, p
契約更新できる, p
契約成立できる, p
敬う, p
建てることができる, p
建てることはできる, p
研くことができる, p
研くことはできる, p
研ぐことができる, p
研ぐことはできる, p
研ける, p
研げる, p
肩の荷がおりる, p
肩身が広い, p
見せることができる, p
見せることはできる, p
減らすことができる, p
減らすことはできる, p
好く, p
好む, p
耕すことができる, p
耕すことはできる, p
耕せる, p
合わせることができる, p
合わせることはできる, p
惚れこむ, p
惚れる, p
惚れ惚れ, p
惚れ込む, p
産まれる, p
産むことができる, p
産むことはできる, p
産める, p
支払うことができる, p
支払うことはできる, p
支払える, p
似合う, p
治しれもらう, p
治る, p
自信がある, p
実る, p
惹かれる, p
取り除くことができる, p
取り除くことはできる, p
取り除ける, p
受け付けられる, p
授かる, p
授けてもらう, p
収まる, p
修める, p
祝ってもらう, p
出来上る, p
出来る, p
出来上がる, p
潤う, p
助かる, p
勝つ, p
勝てる, p
譲ってもらう, p
伸びる, p
信じる, p
心酔する, p
親しむ, p
吹ける, p
遂げる, p
澄む, p
整う, p
晴れる, p
盛り上げる, p
掻き立てる, p
送ってもらう, p
贈る, p
足りる, p
足る, p
揃う, p
揃えることができる, p
揃えることはできる, p
待ち遠しい, p
待遠しい, p
鍛えてくれる, p
鍛えてもらう, p
断ち切る, p
断切る, p
暖める, p
知らせてもらう, p
蓄える, p
貯える, p
貯める, p
調う, p
調べることができる, p
調べることはできる, p
調べるてもらう, p
跳べる, p
捗る, p
直してもらう, p
直る, p
適う, p
動かせる, p
動かすことができる, p
動かすことはできる, p
動くことができる, p
動くことはできる, p
動ける, p
導くことができる, p
導くことはできる, p
導ける, p
憧れる, p
匂う, p
入れてもらう, p
買い戻せる, p
薄らぐ, p
付き合う, p
富む, p
撫でてもらう, p
編むことができる, p
編むことはできる, p
編める, p
保つ, p
縫える, p
望める, p
満たすことができる, p
満たすことはできる, p
満腹, p
味わう, p
免れる, p
儲る, p
儲かる, p
優る, p
落ち着く, p
落ち着ける, p
履ける, p
理解できる, p
離せる, p
労ってもらう, p
賄うことができる, p
賄うことはできる, p
賄える, p
恍惚だ, p
恍惚です, p
恍惚と, p
恍惚の, p
憬れる, p
挾める, p
揉んでもらう, p
ＧＯＯＤ, p
Ｇｏｏｄ, p
ＶＩＰだ, p
ＶＩＰです, p
ＶＩＰと, p
ＶＩＰの, p
ｇｏｏｄ, p
あう, p
あか抜ける, p
あでやかだ, p
あでやかです, p
あわせやすい, p
いい, p
いいあんばい, p
いい感じだ, p
いい感じです, p
いい感じと, p
いい感じの, p
いい気持ちだ, p
いい気持ちです, p
いい気持ちと, p
いい気持ちの, p
いい気分だ, p
いい気分です, p
いい気分と, p
いい気分の, p
いい具合だ, p
いい具合です, p
いい具合と, p
いい具合の, p
いかす, p
いじらしい, p
いたいけだ, p
いたいけです, p
いとおしい, p
うきうき, p
うっとり, p
うなづける, p
うまい, p
えり抜きだ, p
えり抜きです, p
えり抜きと, p
えり抜きの, p
おいしい, p
おおらかだ, p
おおらかです, p
おしゃまだ, p
おしゃまです, p
おしゃまと, p
おしゃまの, p
おすすめだ, p
おすすめです, p
おすすめと, p
おすすめの, p
おとなしやかだ, p
おとなしやかです, p
おなじみだ, p
おなじみです, p
おなじみと, p
おなじみの, p
お気にいりだ, p
お気にいりです, p
お気にいりと, p
お気にいりの, p
お気に入りだ, p
お気に入りです, p
お気に入りと, p
お気に入りの, p
お茶の子さいさいだ, p
お茶の子さいさいです, p
お茶の子さいさいと, p
お茶の子さいさいの, p
お買い得だ, p
お買い得です, p
お買い得と, p
お買い得の, p
かいがいしい, p
かしこい, p
かっちり, p
かっ達だ, p
かっ達です, p
かわいらしい, p
きっちり, p
きびきび, p
きびきびする, p
きめ細かだ, p
きめ細かです, p
きめ細かい, p
きらめく, p
きりりと, p
くつろげる, p
けざやかだ, p
けざやかです, p
こころよい, p
こざっぱらい, p
こなす, p
こなせる, p
こなれる, p
こわいもの知るぬ, p
さかしい, p
さすが, p
さといだ, p
さといです, p
さといと, p
さといの, p
さりげない, p
ざっくばらんだ, p
ざっくばらんです, p
しおらしい, p
したしい, p
しっくり, p
しっとり, p
しのぐ, p
しめやかだ, p
しめやかです, p
しゃれる, p
しんなり, p
すご腕だ, p
すご腕です, p
すご腕と, p
すご腕の, p
すすどい, p
すばやい, p
すばらしい, p
すべすべ, p
すらり, p
ずばぬける, p
ずば抜ける, p
そこはかとない, p
そそる, p
ぞっこん, p
たくましい, p
たぐいまれな, p
たやすい, p
ちゃんと, p
ちょうどいい, p
ちょうど良い, p
つかみやすい, p
つぶらだ, p
つぶらです, p
つましい, p
つまびらかだ, p
つまびらかです, p
つやつや, p
つややかだ, p
つややかです, p
どんぴしゃり, p
なじむ, p
なじめる, p
なつかしい, p
なまめかしい, p
にぎにぎしい, p
のびのび, p
のびやかだ, p
のびやかです, p
はえる, p
はしこい, p
ばら色だ, p
ばら色です, p
ばら色と, p
ばら色の, p
ひきしまる, p
ひけをとるない, p
ぴか一だ, p
ぴか一です, p
ぴか一と, p
ぴか一の, p
ぴちぴち, p
ぴったり, p
ふさわしい, p
ふたつとない, p
ふっくら, p
ふんだんだ, p
ふんだんです, p
ふんわり, p
ぷりぷり, p
べた惚れ, p
べらぼうだ, p
べらぼうです, p
べら棒だ, p
べら棒です, p
ほっそり, p
ほのぼの, p
ほほえましい, p
ほれぼれ, p
まずまず, p
まとまる, p
まばゆい, p
まめやかだ, p
まめやかです, p
みずみずしい, p
みめよい, p
むつままじい, p
めきめき, p
めざましい, p
めずらしい, p
めでたい, p
もっけの幸いだ, p
もっけの幸いです, p
もっけの幸いと, p
もっけの幸いの, p
もの珍しい, p
やさしい, p
やすやす, p
やり手だ, p
やり手です, p
やり手と, p
やり手の, p
やわらかい, p
やんごとない, p
やんわり, p
ゆかしい, p
ゆったり, p
ゆとりがある, p
よく気が付く, p
よろしい, p
らい落だ, p
らい落です, p
りりしい, p
りんとした, p
わかりやすい, p
わくわく, p
アジがある, p
イイ, p
インテリジェントだ, p
インテリジェントです, p
インテリジェントと, p
インテリジェントの, p
ウケる, p
エクセレント, p
エポックメーキングだ, p
エポックメーキングです, p
オススメだ, p
オススメです, p
オススメと, p
オススメの, p
カッコいい, p
カリスマ的だ, p
カリスマ的です, p
キビキビ, p
クリアだ, p
グッドだ, p
グッドルッキング, p
ゴージャスだ, p
ゴージャスです, p
シビレる, p
シャレる, p
シルキーだ, p
シルキーです, p
ジェントル, p
スゲーッ, p
スゴクイイ, p
スペッシャル, p
スポーティだ, p
スポーティです, p
セーフティ, p
セーフティー, p
ソフィスティケート, p
ゾッコン, p
ダンディーだ, p
ダンディーです, p
ダンディーと, p
ダンディーの, p
チャーミングだ, p
チャーミングです, p
デリシャス, p
トップだ, p
トップです, p
トップと, p
トップの, p
トルクフル, p
ドレッシーだ, p
ドレッシーです, p
ハイパワーだ, p
ハイパワーです, p
ハイパワーと, p
ハイパワーの, p
ハイカラだ, p
ハイカラです, p
ハイクラスだ, p
ハイクラスです, p
ハイクラスと, p
ハイクラスの, p
バツグン, p
ビビッドだ, p
ビビッドです, p
ビューティフル, p
ピカイチだ, p
ピカイチです, p
ピカイチと, p
ピカイチの, p
ピッタリ, p
ピュアだ, p
ピュアです, p
ファンタスチック, p
ファンタスティック, p
ベストチョイス, p
ベターだ, p
ベターです, p
ベターと, p
ベターの, p
マルだ, p
マルです, p
マルと, p
マルの, p
メキメキ, p
メジャーだ, p
メジャーです, p
メリットがある, p
メリハリがある, p
ラクチンだ, p
ラクチンです, p
ラクラク, p
レア, p
愛くるしい, p
愛しい, p
愛らしい, p
愛想いい, p
愛想が良い, p
愛想よく, p
悪気のない, p
扱いやすい, p
安閑だ, p
安閑です, p
安閑と, p
安閑の, p
安上りだ, p
安上りです, p
安上りと, p
安上りの, p
安定する, p
安定的だ, p
安定的です, p
偉い, p
委せることができる, p
委せることはできる, p
威風堂々, p
意欲的だ, p
意欲的です, p
易々だ, p
易々です, p
易々と, p
易々の, p
易易, p
違和感がない, p
違和感ない, p
違和感はない, p
一級品, p
一糸も乱れない, p
一石二鳥だ, p
一石二鳥です, p
一石二鳥と, p
一石二鳥の, p
一徹だ, p
一徹です, p
印象的だ, p
印象的です, p
印象深い, p
引き伸ばせる, p
引っ張りだこだ, p
引っ張りだこです, p
引っ張りだこと, p
引っ張りだこの, p
右に出るものがない, p
映えばえしい, p
映える, p
悦ばしい, p
円やかだ, p
円やかです, p
艶がある, p
汚れにくい, p
奥ゆかしい, p
奥床しい, p
奥深い, p
押しがある, p
何気ない, p
何気無い, p
価する, p
価値がある, p
価値はある, p
可愛い, p
可愛らしい, p
可笑しい, p
家庭的だ, p
家庭的です, p
華はある, p
華々しい, p
華やかさがある, p
華華しい, p
画期的だ, p
画期的です, p
会うことができる, p
会うことはできる, p
会える, p
解放的だ, p
解放的です, p
快哉だ, p
快哉です, p
快哉と, p
快哉の, p
懐が深い, p
開放的だ, p
開放的です, p
外柔内剛だ, p
外柔内剛です, p
外柔内剛と, p
外柔内剛の, p
該博だ, p
該博です, p
該博と, p
該博の, p
格好良い, p
格好いい, p
格上げ, p
格段だ, p
格段です, p
格別だ, p
格別です, p
革新的だ, p
革新的です, p
学ぶことができる, p
学ぶことはできる, p
学べる, p
楽々, p
楽しめる, p
楽ちんだ, p
楽ちんです, p
顎が落ちる, p
割がいい, p
割に合う, p
割りに合う, p
割ることができる, p
割ることはできる, p
活きる, p
活き活き, p
活気のある, p
滑脱だ, p
滑脱です, p
噛みあう, p
乾かせる, p
乾かすことができる, p
乾かすことはできる, p
勧める, p
堪能できる, p
完全無欠だ, p
完全無欠です, p
完全無欠と, p
完全無欠の, p
寛げる, p
寛大だ, p
寛大です, p
寛闊だ, p
寛闊です, p
干せる, p
感じがいい, p
感動的だ, p
感動的です, p
敢然, p
歓ぶ, p
汗の結晶, p
甘露だ, p
甘露です, p
甘露と, p
甘露の, p
間然するところがない, p
閑雅だ, p
閑雅です, p
閑閑だ, p
閑閑です, p
閑閑と, p
閑閑の, p
閑人だ, p
閑人です, p
閑人と, p
閑人の, p
顔が広い, p
願ってもない, p
願わしい, p
危なげない, p
喜ばしい, p
奇跡的だ, p
奇跡的です, p
奇想天外だ, p
奇想天外です, p
奇天烈です, p
嬉々として, p
嬉しい, p
機嫌がいい, p
毅然だ, p
毅然です, p
毅然の, p
毅然たる, p
毅然と, p
気がおけない, p
気がきいた, p
気が回る, p
気が若い, p
気が長い, p
気が利く, p
気のきいた, p
気の効いた, p
気の置けない, p
気づよい, p
気安い, p
気強い, p
気高い, p
気丈夫だ, p
気丈夫です, p
気品がある, p
気分がいい, p
稀少だ, p
稀少です, p
稀少と, p
稀少の, p
貴い, p
軌道に乗る, p
輝かしい, p
鬼に金棒だ, p
鬼に金棒です, p
鬼に金棒と, p
鬼に金棒の, p
宜しい, p
義人, p
義理堅い, p
吸い込める, p
吸うことができる, p
吸うことはできる, p
吸える, p
究極的だ, p
究極的です, p
許せる, p
強靭だ, p
強靭です, p
恐いもの知らず, p
恭しい, p
胸がすく, p
興味ある, p
興味がある, p
興味深い, p
興味津々だ, p
興味津々です, p
興味津々と, p
興味津々の, p
驚異的だ, p
驚異的です, p
筋金入りだ, p
筋金入りです, p
筋金入りと, p
筋金入りの, p
近代的だ, p
近代的です, p
金になる, p
金城鉄壁だ, p
金城鉄壁です, p
金城鉄壁と, p
金城鉄壁の, p
金鉄だ, p
金鉄です, p
金鉄と, p
金鉄の, p
苦もない, p
苦美味い, p
具合よく, p
軍配を上げる, p
恵まれる, p
慧眼だ, p
慧眼です, p
敬服, p
敬慕, p
敬虔だ, p
敬虔です, p
敬虔と, p
敬虔の, p
景気が良い, p
経済的だ, p
経済的です, p
警抜だ, p
警抜です, p
軽捷だ, p
軽捷です, p
芸がこまかい, p
隙のない, p
欠点はない, p
潔い, p
血の通う人だ, p
血の通う人です, p
血の通う人と, p
血の通う人の, p
兼ね備える, p
堅忍不抜だ, p
堅忍不抜です, p
堅忍不抜と, p
堅忍不抜の, p
嫌みがない, p
嫌味がない, p
見やすい, p
見よい, p
見易い, p
見込む, p
見目よい, p
見目良い, p
見目好い, p
謙抑だ, p
謙抑です, p
賢い, p
減らせる, p
言いえて妙だ, p
言うことない, p
言う事ない, p
個性がある, p
孤高だ, p
孤高です, p
誇らかだ, p
誇らかです, p
誇らしい, p
誇れる, p
雇うことができる, p
雇うことはできる, p
雇える, p
効き目ある, p
効果ある, p
口上手だ, p
口上手です, p
口上手と, p
口上手の, p
向上する, p
垢ぬける, p
垢抜ける, p
好い, p
好ましい, p
好もしい, p
好意的だ, p
好意的です, p
好漢だ, p
好漢です, p
好漢と, p
好漢の, p
好条件だ, p
好条件です, p
好条件と, p
好条件の, p
好適だ, p
好適です, p
宏遠だ, p
宏遠です, p
宏量だ, p
宏量です, p
巧緻だ, p
巧緻です, p
巧緻と, p
巧緻の, p
広々, p
広げることができる, p
広げることはできる, p
広やかだ, p
広やかです, p
広壮だ, p
広壮です, p
広壮と, p
広壮の, p
広大だ, p
広大です, p
広漠だ, p
広漠です, p
広漠と, p
広漠の, p
広量だ, p
広量です, p
広量と, p
広量の, p
広闊だ, p
広闊です, p
昂揚, p
硬骨だ, p
硬骨です, p
肯定的だ, p
肯定的です, p
行ける, p
香る, p
高まる, p
高める, p
高雅だ, p
高雅です, p
高雅と, p
高雅の, p
高貴だ, p
高貴です, p
高貴と, p
高貴の, p
高級感のある, p
高級的だ, p
高級的です, p
高潔だ, p
高潔です, p
高尚だ, p
高尚です, p
高水準だ, p
高水準です, p
高大だ, p
高大です, p
高名だ, p
高名です, p
高邁だ, p
高邁です, p
剛毅だ, p
剛毅です, p
剛毅と, p
剛毅の, p
剛健だ, p
剛健です, p
剛健と, p
剛健の, p
剛胆だ, p
剛胆です, p
剛勇だ, p
剛勇です, p
合う, p
合わせやすい, p
合格点, p
合目的的だ, p
合目的的です, p
合理的だ, p
合理的です, p
豪い, p
豪華万点, p
豪気だ, p
豪気です, p
豪儀だ, p
豪儀です, p
豪勢だ, p
豪勢です, p
豪壮だ, p
豪壮です, p
豪胆だ, p
豪胆です, p
豪宕だ, p
豪宕です, p
豪放だ, p
豪放です, p
豪放と, p
豪放の, p
轟かせる, p
腰が強い, p
腰が低い, p
骨太だ, p
骨太です, p
骨太と, p
骨太の, p
懇ろだ, p
懇ろです, p
懇篤だ, p
懇篤です, p
混ぜることができる, p
混ぜることはできる, p
差がない, p
差はない, p
座りやすい, p
座ることができる, p
座ることはできる, p
最上だ, p
最上です, p
最上と, p
最上の, p
最上級だ, p
最上級です, p
最上級と, p
最上級の, p
塞ぐことができる, p
塞ぐことはできる, p
塞げる, p
犀利だ, p
犀利です, p
細心だ, p
細心です, p
細密だ, p
細密です, p
細緻だ, p
細緻です, p
細緻と, p
細緻の, p
際だつ, p
際立つ, p
冴える, p
三拍子そろう, p
三拍子揃う, p
燦燦だ, p
燦燦です, p
燦燦と, p
燦燦の, p
燦然, p
燦爛だ, p
燦爛です, p
燦爛と, p
燦爛の, p
賛成, p
賛同, p
斬新だ, p
斬新です, p
仕合せだ, p
仕合せです, p
使いやすい, p
使い易い, p
刺激的だ, p
刺激的です, p
思い切りのいい, p
思わしい, p
旨い, p
至れり尽くせり, p
至高だ, p
至高です, p
至高と, p
至高の, p
至便だ, p
至便です, p
至便と, p
至便の, p
試し乗りできる, p
試すことができる, p
試すことはできる, p
試せる, p
歯牙にかけない, p
事足りる, p
似あわしい, p
似つかわしい, p
似合いだ, p
似合いです, p
似合いと, p
似合いの, p
似合しい, p
慈しむ深い, p
慈愛深い, p
慈悲深い, p
持ち運べる, p
持ち歩ける, p
治せる, p
耳が肥えるている, p
自若だ, p
自若です, p
自若と, p
自若の, p
自信たっぷりだ, p
自信たっぷりです, p
自信たっぷりと, p
自信たっぷりの, p
自信作, p
自分向き, p
質感がある, p
質感はある, p
質実剛健だ, p
質実剛健です, p
質実剛健と, p
質実剛健の, p
実直だ, p
実直です, p
実直と, p
実直の, p
実用的だ, p
実用的です, p
捨てることができる, p
捨てることはできる, p
酌み交わせる, p
若々しい, p
若い, p
若若しい, p
取り扱いやすい, p
取り回しやすい, p
取り消すことができる, p
取り消すことはできる, p
取り消せる, p
取り替えることができる, p
取り替えることはできる, p
取ることができる, p
取ることはできる, p
取消せる, p
守ることができる, p
守ることはできる, p
手がたい, p
手がるい, p
手ごたえがある, p
手ごろだ, p
手ごろです, p
手っとり早い, p
手っ取り早い, p
手ばやい, p
手びろい, p
手軽い, p
手堅い, p
手厚い, p
手広い, p
手早い, p
手速い, p
手抜かりない, p
手抜かり無い, p
趣がある, p
受け取ることができる, p
受け取ることはできる, p
秀でる, p
秀悦, p
秀麗だ, p
秀麗です, p
終えることができる, p
終えることはできる, p
住むことができる, p
住むことはできる, p
住める, p
充溢, p
充分だ, p
充分です, p
十二分に, p
十分だ, p
十分です, p
柔かい, p
柔らかだ, p
柔らかです, p
柔らかい, p
俊敏だ, p
俊敏です, p
俊敏と, p
俊敏の, p
純良だ, p
純良です, p
純良と, p
純良の, p
順応, p
庶民的だ, p
庶民的です, p
女らしい, p
勝る, p
勝れる, p
奨めだ, p
奨めです, p
奨めと, p
奨めの, p
奨める, p
小粋だ, p
小粋です, p
小ぎれいだ, p
小ぎれいです, p
小意気だ, p
小意気です, p
小器用だ, p
小器用です, p
小器用と, p
小器用の, p
小気味好い, p
小気味よい, p
小才の利く, p
小躍りする, p
床しい, p
消すことができる, p
消すことはできる, p
消せる, p
省くことができる, p
省くことはできる, p
省ける, p
賞賛に価する, p
賞嘆, p
上々だ, p
上々です, p
上位だ, p
上位です, p
上位と, p
上位の, p
上級だ, p
上級です, p
上級と, p
上級の, p
上向く, p
上根, p
上手い, p
上出来だ, p
上出来です, p
上上吉だ, p
上上吉です, p
上上吉と, p
上上吉の, p
上等だ, p
上等です, p
上等と, p
上等の, p
情が深い, p
情け深い, p
情深い, p
拭くことができる, p
拭くことはできる, p
拭ける, p
殖やすことができる, p
殖やすことはできる, p
殖やせる, p
色鮮やかだ, p
色鮮やかです, p
色っぽい, p
色気がある, p
伸ばすことができる, p
伸ばすことはできる, p
伸ばせる, p
伸びがある, p
伸び伸び, p
心ある, p
心づよい, p
心安い, p
心温まる, p
心掛ける, p
心強い, p
心丈夫だ, p
心丈夫です, p
心憎い, p
心地良い, p
心地よい, p
心地好い, p
心置きない, p
慎ましい, p
慎む深い, p
新規加入できる, p
深遠だ, p
深遠です, p
深奥だ, p
深奥です, p
深奥と, p
深奥の, p
深切だ, p
深切です, p
申し込むことができる, p
申し込むことはできる, p
申し込める, p
申込むことができる, p
申込むことはできる, p
申込める, p
真っ正直だ, p
真っ正直です, p
真新しい, p
神々しい, p
神神しい, p
紳士的だ, p
紳士的です, p
親しい, p
親しみやすい, p
身が軽い, p
身ぎれいだ, p
身ぎれいです, p
辛棒づよい, p
辛抱づよい, p
辛抱強い, p
人あたりがいい, p
人のいい, p
人懐っこい, p
人気がある, p
人情が厚い, p
人目を引く, p
尋常だ, p
尋常です, p
水際立つ, p
粋人だ, p
粋人です, p
粋人と, p
粋人の, p
酔える, p
瑞々しい, p
瑞瑞しい, p
崇高だ, p
崇高です, p
数少ない, p
澄んだ, p
澄明だ, p
澄明です, p
澄明と, p
澄明の, p
世界最高だ, p
世界最高です, p
世界最高と, p
世界最高の, p
世話がない, p
世話好きだ, p
世話好きです, p
世話好きと, p
世話好きの, p
勢いがある, p
整然だ, p
整然です, p
整然の, p
整然と, p
正正堂堂だ, p
正正堂堂です, p
正正堂堂と, p
正正堂堂の, p
正善, p
正統派, p
清々, p
清々しい, p
清い, p
清新だ, p
清新です, p
清清, p
清清しい, p
清爽だ, p
清爽です, p
清爽と, p
清爽の, p
清廉だ, p
清廉です, p
清廉潔白だ, p
清廉潔白です, p
清廉潔白と, p
清廉潔白の, p
生やさしい, p
生き生き, p
盛りあがる, p
盛り上がる, p
盛栄だ, p
盛栄です, p
盛栄と, p
盛栄の, p
精しい, p
精細だだ, p
精細だです, p
精細だと, p
精細だの, p
精良だ, p
精良です, p
精悍だ, p
精悍です, p
誠意がある, p
静謐だ, p
静謐です, p
積み込める, p
積める, p
積極的だ, p
積極的です, p
絶大だ, p
絶大です, p
絶品だ, p
絶品です, p
絶品と, p
絶品の, p
先鋭だ, p
先鋭です, p
先駆的だ, p
先駆的です, p
先進的だ, p
先進的です, p
尖鋭だ, p
尖鋭です, p
尖鋭と, p
尖鋭の, p
洗い流せる, p
洗うことができる, p
洗うことはできる, p
洗える, p
洗練された, p
薦める, p
選ぶことができる, p
選ぶことはできる, p
選べる, p
鮮鋭だ, p
鮮鋭です, p
鮮鋭と, p
鮮鋭の, p
善良だ, p
善良です, p
善良と, p
善良の, p
楚々たる, p
楚楚だ, p
楚楚です, p
楚楚と, p
楚楚の, p
素晴らしい, p
素早い, p
訴えることができる, p
訴えることはできる, p
壮大だ, p
壮大です, p
壮麗だ, p
壮麗です, p
掃ける, p
操ることができる, p
操ることはできる, p
操るやすい, p
相応だ, p
相応です, p
相応しい, p
聡明, p
蒼古だ, p
蒼古です, p
蒼古と, p
蒼古の, p
蒼茫だ, p
蒼茫です, p
蒼茫と, p
蒼茫の, p
走りやすい, p
走り良い, p
走ることができる, p
走ることはできる, p
増やすことができる, p
増やすことはできる, p
増やせる, p
憎めない, p
造作ない, p
造作もない, p
捉えることができる, p
捉えることはできる, p
存在感のある, p
尊い, p
尊大だ, p
尊大です, p
損はない, p
多才だ, p
多才です, p
多才と, p
多才の, p
多士済々だ, p
多士済々です, p
多士済々と, p
多士済々の, p
多能だ, p
多能です, p
多能と, p
多能の, p
多望だ, p
多望です, p
泰山北斗だ, p
泰山北斗です, p
泰山北斗と, p
泰山北斗の, p
泰然自若だ, p
泰然自若です, p
泰然自若と, p
泰然自若の, p
大満足, p
大いなる, p
大業だ, p
大業です, p
大業と, p
大業の, p
大人っぽい, p
大人しい, p
鷹揚だ, p
鷹揚です, p
卓越, p
卓出, p
卓絶, p
単簡だ, p
単簡です, p
単簡と, p
単簡の, p
単品買いできる, p
探すことができる, p
探すことはできる, p
探せる, p
端正だ, p
端正です, p
端麗だ, p
端麗です, p
胆が太い, p
暖かだ, p
暖かです, p
暖かい, p
暖まる, p
男々しい, p
男らしい, p
男性的だ, p
男性的です, p
値する, p
知る人ぞ知る, p
知性的だ, p
知性的です, p
稚い, p
着くことができる, p
着くことはできる, p
注げる, p
張りのある, p
眺めることができる, p
眺めることはできる, p
調子がいい, p
超越, p
超凡だ, p
超凡です, p
超凡と, p
超凡の, p
長ける, p
沈毅だ, p
沈毅です, p
珍しい, p
追加購入できる, p
通うことができる, p
通うことはできる, p
通える, p
通りがいい, p
釣り合う, p
釣合う, p
停めることができる, p
停めることはできる, p
定かだ, p
定かです, p
定評ある, p
程よい, p
諦めのいい, p
諦められる, p
鄭重だ, p
鄭重です, p
鄭重と, p
鄭重の, p
擢んでる, p
敵ない, p
敵無い, p
適している, p
適する, p
適応, p
適格だ, p
適格です, p
適格と, p
適格の, p
適宜だ, p
適宜です, p
典雅だ, p
典雅です, p
天空海闊だ, p
天空海闊です, p
天空海闊と, p
天空海闊の, p
渡ることができる, p
渡ることはできる, p
登ることができる, p
登ることはできる, p
都雅だ, p
都雅です, p
都会的だ, p
都会的です, p
陶然だ, p
陶然です, p
陶然と, p
陶然の, p
頭が下がる, p
頭が低い, p
堂々だ, p
堂々です, p
堂々と, p
堂々の, p
堂々たる, p
堂堂だ, p
堂堂です, p
堂堂と, p
堂堂の, p
得意満面だ, p
得意満面です, p
得意満面と, p
得意満面の, p
得難い, p
特別だ, p
特別です, p
篤い, p
篤実だ, p
篤実です, p
独創, p
独創的だ, p
独創的です, p
独特だ, p
独特です, p
馴染む, p
馴染める, p
軟かい, p
軟らかだ, p
軟らかです, p
軟らかい, p
難がない, p
賑わしい, p
入りやすい, p
入ることができる, p
入ることはできる, p
入魂だ, p
入魂です, p
入魂と, p
入魂の, p
如才がない, p
如才ない, p
任せることができる, p
任せることはできる, p
認める, p
熱望, p
熱烈だ, p
熱烈です, p
燃やすことができる, p
燃やすことはできる, p
燃やせる, p
粘り強い, p
濃やかだ, p
濃やかです, p
濃密だ, p
濃密です, p
納まる, p
能ある鷹はつめをかくす, p
能ある鷹は爪を隠す, p
能力がある, p
覗ける, p
派手やかだ, p
派手やかです, p
破竹の勢いだ, p
破竹の勢いです, p
破竹の勢いと, p
破竹の勢いの, p
馬力がある, p
廃りがない, p
買い得だ, p
買い得です, p
買い得と, p
買い得の, p
売れている, p
剥がせる, p
剥がすことができる, p
剥がすことはできる, p
剥くことができる, p
剥くことはできる, p
剥せる, p
白眉だ, p
白眉です, p
白眉と, p
白眉の, p
迫力がある, p
抜きんでる, p
抜け目がない, p
抜け目が無い, p
抜け目ない, p
抜け目無い, p
盤石だ, p
盤石です, p
盤石と, p
盤石の, p
比べることができる, p
比べることはできる, p
疲れない, p
疲れ知らず, p
非の打ち所がありません, p
非の打ち所がない, p
非の打ち所が無い, p
非の打ち所ない, p
飛び抜ける, p
備わる, p
微笑ましい, p
美々しい, p
美しい, p
美事だ, p
美事です, p
美事と, p
美事の, p
美味い, p
美味しい, p
鼻が高い, p
百花繚乱だ, p
百花繚乱です, p
百花繚乱と, p
百花繚乱の, p
百戦錬磨だ, p
百戦錬磨です, p
百戦錬磨と, p
百戦錬磨の, p
品がある, p
品がよい, p
品行方正だ, p
品行方正です, p
品行方正と, p
品行方正の, p
敏い, p
敏活だ, p
敏活です, p
不抜だ, p
不抜です, p
不抜と, p
不抜の, p
不撓だ, p
不撓です, p
不撓と, p
不撓の, p
富有だ, p
富有です, p
富有と, p
富有の, p
富裕だ, p
富裕です, p
風雅だ, p
風雅です, p
風流人, p
風靡, p
幅利きだ, p
幅利きです, p
幅利きと, p
幅利きの, p
福福しい, p
腹が太い, p
腹のすわるた, p
腹太, p
沸すことができる, p
沸すことはできる, p
沸かせる, p
沸かすことができる, p
沸かすことはできる, p
物わかりが良い, p
物わかりのよい, p
物堅い, p
物知りだ, p
物知りです, p
物知りと, p
物知りの, p
分がある, p
分がいい, p
分かるやすい, p
分相応だ, p
分相応です, p
聞くするにまさる, p
平滑だ, p
平滑です, p
平滑と, p
平滑の, p
平気の平左だ, p
平気の平左です, p
平気の平左と, p
平気の平左の, p
平均点以上, p
平然だ, p
平然です, p
平然の, p
平然たる, p
平然と, p
並外れる, p
癖がない, p
別格だ, p
別格です, p
別格と, p
別格の, p
別懇だ, p
別懇です, p
別嬪だ, p
別嬪です, p
別嬪と, p
別嬪の, p
補うことができる, p
補うことはできる, p
補える, p
慕わしい, p
崩れにくい, p
方正だ, p
方正です, p
芳しい, p
豊潤だ, p
豊潤です, p
豊潤と, p
豊潤の, p
豊満だ, p
豊満です, p
飽きがこない, p
飽きのこない, p
飽き足りる, p
望ましい, p
望む, p
防ぐ, p
防ぐことができる, p
防ぐことはできる, p
防げる, p
睦まじい, p
磨くことができる, p
磨くことはできる, p
磨ける, p
末たのもしい, p
末頼もしい, p
万鈞だ, p
万鈞です, p
万鈞と, p
万鈞の, p
満すことができる, p
満すことはできる, p
満たせる, p
満ちた, p
満ち溢れる, p
満ち足りる, p
満足, p
満足する, p
味がある, p
味わい深い, p
味わえる, p
魅する, p
魅せる, p
魅力がある, p
魅力的だ, p
魅力的です, p
魅惑的だ, p
魅惑的です, p
脈がある, p
夢ごこち, p
夢心地だ, p
夢心地です, p
夢心地と, p
夢心地の, p
無尽蔵だ, p
無尽蔵です, p
無疵だ, p
無疵です, p
名のある, p
名の通った, p
名機, p
名うての, p
名だたる, p
名高い, p
名車だ, p
名車です, p
名車と, p
名車の, p
名誉だ, p
明けっ広げだ, p
明けっ広げです, p
明けっ広げと, p
明けっ広げの, p
明りょうだ, p
明りょうです, p
明るい, p
明達だ, p
明達です, p
明達と, p
明達の, p
明哲だ, p
明哲です, p
明哲と, p
明哲の, p
明敏, p
明敏だ, p
明敏です, p
鳴らせる, p
鳴らすことができる, p
鳴らすことはできる, p
面白おかしい, p
面白可笑しい, p
面白い, p
猛勇だ, p
猛勇です, p
猛勇と, p
猛勇の, p
儲けることができる, p
儲けることはできる, p
目が高い, p
目の中へいれるても痛いない, p
目を見張る, p
目を奪う, p
目映い, p
目指すことができる, p
目指すことはできる, p
目指せる, p
目出度い, p
目新しい, p
目抜きだ, p
目抜きです, p
目抜きと, p
目抜きの, p
目立つ, p
問題ない, p
役だつ, p
役に立つ, p
役立つ, p
訳無い, p
愉しい, p
癒す, p
優れる, p
優れるた, p
優生だ, p
優生です, p
優生と, p
優生の, p
優先的だ, p
優先的です, p
優等生だ, p
優等生です, p
優等生と, p
優等生の, p
優等生的だ, p
優等生的です, p
優良だ, p
優良です, p
優良と, p
優良の, p
優婉だ, p
優婉です, p
勇ましい, p
勇壮だ, p
勇壮です, p
勇壮と, p
勇壮の, p
悠然だ, p
悠然です, p
悠然の, p
悠然と, p
悠長だ, p
悠長です, p
悠悠だ, p
悠悠です, p
悠悠と, p
悠悠の, p
有り難い, p
有り余る, p
有難い, p
有能だ, p
有能です, p
有能と, p
有能の, p
遊ぶことができる, p
遊ぶことはできる, p
遊べる, p
雄々しい, p
雄偉だ, p
雄偉です, p
雄偉と, p
雄偉の, p
雄雄しい, p
雄勁だ, p
雄勁です, p
雄勁と, p
雄勁の, p
雄渾だ, p
雄渾です, p
余裕がある, p
余裕はある, p
余裕綽綽だ, p
余裕綽綽です, p
余裕綽綽と, p
余裕綽綽の, p
誉める讃える, p
預けることができる, p
預けることはできる, p
幼けない, p
妖艶だ, p
妖艶です, p
容易い, p
揺るぎない, p
溶かせる, p
用いることができる, p
用いることはできる, p
用意周到だ, p
用意周到です, p
欲のない, p
欲張るない, p
浴びることができる, p
浴びることはできる, p
頼もしい, p
落ち着き払った, p
利く, p
利す, p
利口だ, p
利口です, p
利口と, p
利口の, p
理性的だ, p
理性的です, p
理想通り, p
理想的だ, p
理想的です, p
裏切るない, p
律儀だ, p
律儀です, p
律儀と, p
律儀の, p
流すことができる, p
流すことはできる, p
流せる, p
流行, p
流行る, p
流石, p
流石だ, p
流石です, p
流用できる, p
流麗だ, p
流麗です, p
溜飲が下がる, p
粒ぞろいだ, p
粒ぞろいです, p
粒ぞろいと, p
粒ぞろいの, p
凌ぐ, p
凌駕, p
涼しい, p
涼やかだ, p
涼やかです, p
良い, p
良いなる, p
良識的だ, p
良識的です, p
良心的だ, p
良心的です, p
力強い, p
力持ちだ, p
力持ちです, p
力持ちと, p
力持ちの, p
涙ぐましい, p
冷やすことができる, p
冷やすことはできる, p
冷やせる, p
怜悧だ, p
怜悧です, p
玲瓏だ, p
玲瓏です, p
玲瓏と, p
玲瓏の, p
麗しい, p
歴々だ, p
歴々です, p
歴々と, p
歴々の, p
歴然たる, p
廉潔だ, p
廉潔です, p
廉潔と, p
廉潔の, p
廉直だ, p
廉直です, p
朗らかだ, p
朗らかです, p
和らぐ, p
和らげる, p
話す上手だ, p
話す上手です, p
腕が立つ, p
腕に覚えるのある, p
腕ききだ, p
腕ききです, p
腕ききと, p
腕ききの, p
凛々しい, p
凛と, p
凛乎だ, p
凛乎です, p
凛乎と, p
凛乎の, p
凛然だ, p
凛然です, p
凛然と, p
凛然の, p
凛凛だ, p
凛凛です, p
凛凛と, p
凛凛の, p
剴切だ, p
剴切です, p
屁の河童だ, p
屁の河童です, p
屁の河童と, p
屁の河童の, p
慥かだ, p
慥かです, p
昵懇だ, p
昵懇です, p
昵懇と, p
昵懇の, p
洒々落々だ, p
洒々落々です, p
洒々落々と, p
洒々落々の, p
洒落る, p
瀟洒だ, p
瀟洒です, p
炯眼だ, p
炯眼です, p
煌煌だ, p
煌煌です, p
煌煌と, p
煌煌の, p
爛漫だ, p
爛漫です, p
爛漫と, p
爛漫の, p
甦生, p
痒いところに手がとどく, p
薔薇色だ, p
薔薇色です, p
薔薇色と, p
薔薇色の, p
讚える, p
逞しい, p
鑽仰, p
闊達だ, p
闊達です, p
鞏固だ, p
鞏固です, p
颯爽だ, p
颯爽です, p
颯爽と, p
颯爽の, p
